PO,OrderDate,AdditionalInfo
2421543762
6122402425,Order Date,Additional Info
4669596009,2021-04-26,2021-04-26 13:22:38 CSV;2021-04-27 18:41:17 CSV
9868849279,2021-04-26,2021-04-26 13:22:38 CSV;2021-04-27 18:41:17 CSV
8271633310,2021-04-26,2021-04-26 13:22:38 CSV;2021-04-27 18:41:17 CSV
5871433136,2021-04-26,2021-04-26 13:22:38 CSV;2021-04-27 18:41:17 CSV
9824944763,2021-04-26,2021-04-26 13:22:38 CSV;2021-04-27 18:41:17 CSV
9823638957,2021-04-26,2021-04-26 13:22:38 CSV;2021-04-27 18:41:17 CSV
9824565867,2021-04-26,2021-04-26 13:22:38 CSV;2021-04-27 18:41:17 CSV
9868849062,2021-04-26,2021-04-26 13:22:38 CSV;2021-04-27 18:41:17 CSV
2021-04-26,2021-04-26 13:22:38 CSV;2021-04-27 18:41:17 CSV
2021-04-26,2021-04-26 13:22:38 CSV;2021-04-27 18:41:17 CSV
2021-04-26,2021-04-26 13:22:38 CSV;2021-04-27 18:41:17 CSV
2021-04-26,2021-04-26 13:22:38 CSV;2021-04-27 18:41:17 CSV
2021-04-26,2021-04-26 13:22:38 CSV;2021-04-27 18:41:17 CSV
2021-04-26,2021-04-26 13:22:38 CSV;2021-04-27 18:41:17 CSV
2021-04-26,2021-04-26 13:22:38 CSV;2021-04-27 18:41:17 CSV
2021-04-26,2021-04-26 13:22:38 CSV;2021-04-27 18:41:17 CSV
2021-04-26,2021-04-26 13:22:38 CSV;2021-04-27 18:41:17 CSV
2021-04-26,2021-04-26 13:22:38 CSV;2021-04-27 18:41:17 CSV
2021-04-26,2021-04-26 13:22:38 CSV;2021-04-27 18:41:17 CSV
2021-04-26,2021-04-26 13:22:38 CSV;2021-04-27 18:41:17 CSV
2021-04-26,2021-04-26 13:22:38 CSV;2021-04-27 18:41:17 CSV
2021-04-26,2021-04-26 13:22:38 CSV;2021-04-27 18:41:17 CSV
2021-04-26,2021-04-26 13:22:38 CSV;2021-04-27 18:41:17 CSV
2021-04-26,2021-04-26 13:22:38 CSV;2021-04-27 18:41:17 CSV
2021-04-26,2021-04-26 13:22:38 CSV;2021-04-27 18:41:17 CSV
2021-04-26,2021-04-26 13:22:38 CSV;2021-04-27 18:41:17 CSV
2021-04-26,2021-04-26 13:22:38 CSV;2021-04-27 18:41:17 CSV
2021-04-26,2021-04-26 13:22:38 CSV;2021-04-27 18:41:17 CSV
2021-04-26,2021-04-26 13:22:38 CSV;2021-04-27 18:41:17 CSV
2021-04-26,2021-04-26 13:22:38 CSV;2021-04-27 18:41:17 CSV
2021-04-26,2021-04-26 13:22:38 CSV;2021-04-27 18:41:17 CSV
2021-04-26,2021-04-26 13:22:38 CSV;2021-04-27 18:41:17 CSV
2021-04-26,2021-04-26 13:22:38 CSV;2021-04-27 18:41:17 CSV
2021-04-26,2021-04-26 13:22:38 CSV;2021-04-27 18:41:17 CSV
2021-04-26,2021-04-26 13:22:38 CSV;2021-04-27 18:41:17 CSV
2021-04-26,2021-04-26 13:22:38 CSV;2021-04-27 18:41:17 CSV
2021-04-26,2021-04-26 13:22:38 CSV;2021-04-27 18:41:17 CSV
PO,OrderDate,AdditionalInfo
7369056312
2169166803,Order Date,Additional Info
5669216303,2021-04-12,2021-04-12 18:05:20 CSV
5869865029,2021-04-12,2021-04-12 18:05:20 CSV
4223847445,2021-04-12,2021-04-12 18:05:20 CSV
2469245553,2021-04-12,2021-04-12 18:05:20 CSV
6723817889,2021-04-12,2021-04-12 18:05:20 CSV
6970474302,2021-04-12,2021-04-12 18:05:20 CSV
3770074998,2021-04-12,2021-04-12 18:05:20 CSV
3919655302,2021-04-12,2021-04-12 18:05:20 CSV
2021-04-12,2021-04-12 18:05:20 CSV
2021-04-12,2021-04-12 18:05:20 CSV
2021-04-12,2021-04-12 18:05:20 CSV
2021-04-12,2021-04-12 18:05:20 CSV
2021-04-12,2021-04-12 18:05:20 CSV
2021-04-12,2021-04-12 18:05:20 CSV
2021-04-12,2021-04-12 18:05:20 CSV
2021-04-12,2021-04-12 18:05:20 CSV
2021-04-12,2021-04-12 18:05:20 CSV
2021-04-12,2021-04-12 18:05:20 CSV
2021-04-12,2021-04-12 18:05:20 CSV
2021-04-12,2021-04-12 18:05:20 CSV
2021-04-12,2021-04-12 18:05:20 CSV
2021-04-12,2021-04-12 18:05:20 CSV
2021-04-12,2021-04-12 18:05:20 CSV
2021-04-05,2021-04-05 14:00:02 CSV;2021-04-05 15:50:08 CSV
2021-04-05,2021-04-05 14:00:02 CSV;2021-04-05 15:50:08 CSV
2021-04-05,2021-04-05 14:00:02 CSV;2021-04-05 15:50:08 CSV
2021-04-05,2021-04-05 14:00:02 CSV;2021-04-05 15:50:08 CSV
2021-04-05,2021-04-05 14:00:02 CSV;2021-04-05 15:50:08 CSV
2021-04-05,2021-04-05 14:00:02 CSV;2021-04-05 15:50:08 CSV
2021-04-05,2021-04-05 14:00:02 CSV;2021-04-05 15:50:08 CSV
2021-04-05,2021-04-05 14:00:02 CSV;2021-04-05 15:50:08 CSV
2021-04-05,2021-04-05 14:00:02 CSV;2021-04-05 15:50:08 CSV
2021-04-05,2021-04-05 14:00:02 CSV;2021-04-05 15:50:08 CSV
2021-04-05,2021-04-05 14:00:02 CSV;2021-04-05 15:50:08 CSV
2021-04-05,2021-04-05 14:00:02 CSV;2021-04-05 15:50:08 CSV
2021-04-05,2021-04-05 14:00:02 CSV;2021-04-05 15:50:08 CSV
2021-04-05,2021-04-05 14:00:02 CSV;2021-04-05 15:50:08 CSV
PO,OrderDate,AdditionalInfo
7418887659
6723817195,Order Date,Additional Info
5924205095,2021-03-22,2021-03-22 17:08:36 CSV;2021-03-22 21:05:23 CSV
8570153639,2021-03-22,2021-03-22 17:08:36 CSV;2021-03-22 21:05:23 CSV
7870153398,2021-03-22,2021-03-22 17:08:36 CSV;2021-03-22 21:05:23 CSV
6970093530,2021-03-22,2021-03-22 17:08:36 CSV;2021-03-22 21:05:23 CSV
5871432349,2021-03-22,2021-03-22 17:08:36 CSV;2021-03-22 21:05:23 CSV
8268936844,2021-03-22,2021-03-22 17:08:36 CSV;2021-03-22 21:05:23 CSV
4269624750,2021-03-22,2021-03-22 17:08:36 CSV;2021-03-22 21:05:23 CSV
6122401389,2021-03-22,2021-03-22 17:08:36 CSV;2021-03-22 21:05:23 CSV
2021-03-22,2021-03-22 17:08:36 CSV;2021-03-22 21:05:23 CSV
2021-03-22,2021-03-22 17:08:36 CSV;2021-03-22 21:05:23 CSV
2021-03-22,2021-03-22 17:08:36 CSV;2021-03-22 21:05:23 CSV
2021-03-22,2021-03-22 17:08:36 CSV;2021-03-22 21:05:23 CSV
2021-03-22,2021-03-22 17:08:36 CSV;2021-03-22 21:05:23 CSV
2021-03-22,2021-03-22 17:08:36 CSV;2021-03-22 21:05:23 CSV
2021-03-22,2021-03-22 17:08:36 CSV;2021-03-22 21:05:23 CSV
2021-03-22,2021-03-22 17:08:36 CSV;2021-03-22 21:05:23 CSV
2021-03-22,2021-03-22 17:08:36 CSV;2021-03-22 21:05:23 CSV
2021-03-22,2021-03-22 17:08:36 CSV;2021-03-22 21:05:23 CSV
2021-03-22,2021-03-22 17:08:36 CSV;2021-03-22 21:05:23 CSV
2021-03-22,2021-03-22 17:08:36 CSV;2021-03-22 21:05:23 CSV
2021-03-22,2021-03-22 17:08:36 CSV;2021-03-22 21:05:23 CSV
2021-03-22,2021-03-22 17:08:36 CSV;2021-03-22 21:05:23 CSV
2021-03-22,2021-03-22 17:08:36 CSV;2021-03-22 21:05:23 CSV
2021-03-22,2021-03-22 17:08:36 CSV;2021-03-22 21:05:23 CSV
2021-03-22,2021-03-22 17:08:36 CSV;2021-03-22 21:05:23 CSV
2021-03-22,2021-03-22 17:08:36 CSV;2021-03-22 21:05:23 CSV
2021-03-22,2021-03-22 17:08:36 CSV;2021-03-22 21:05:23 CSV
2021-03-22,2021-03-22 17:08:36 CSV;2021-03-22 21:05:23 CSV
2021-03-22,2021-03-22 17:08:36 CSV;2021-03-22 21:05:23 CSV
2021-03-22,2021-03-22 17:08:36 CSV;2021-03-22 21:05:23 CSV
2021-03-15,2021-03-15 17:28:48 CSV
2021-03-15,2021-03-15 17:28:48 CSV
2021-03-15,2021-03-15 17:28:48 CSV
2021-03-15,2021-03-15 17:28:48 CSV
2021-03-15,2021-03-15 17:28:48 CSV
2021-03-15,2021-03-15 17:28:48 CSV
2021-03-15,2021-03-15 17:28:48 CSV
PO,OrderDate,AdditionalInfo
6270093463
8268936204,Order Date,Additional Info
6820662943,2021-03-01,2021-03-01 15:36:48 CSV;2021-03-01 16:02:39 CSV;2021-03-01 18:41:03 CSV;2021-03-01 18:47:14 CSV
5924204493,2021-03-01,2021-03-01 15:36:48 CSV;2021-03-01 16:02:39 CSV;2021-03-01 18:41:03 CSV;2021-03-01 18:47:14 CSV
6470902628,2021-03-01,2021-03-01 15:36:48 CSV;2021-03-01 16:02:39 CSV;2021-03-01 18:41:03 CSV;2021-03-01 18:47:14 CSV
9824564217,2021-03-01,2021-03-01 15:36:48 CSV;2021-03-01 16:02:39 CSV;2021-03-01 18:41:03 CSV;2021-03-01 18:47:14 CSV
7870152834,2021-03-01,2021-03-01 15:36:48 CSV;2021-03-01 16:02:39 CSV;2021-03-01 18:41:03 CSV;2021-03-01 18:47:14 CSV
6469224502,2021-03-01,2021-03-01 15:36:48 CSV;2021-03-01 16:02:39 CSV;2021-03-01 18:41:03 CSV;2021-03-01 18:47:14 CSV
6319224849,2021-03-01,2021-03-01 15:36:48 CSV;2021-03-01 16:02:39 CSV;2021-03-01 18:41:03 CSV;2021-03-01 18:47:14 CSV
6970092941,2021-03-01,2021-03-01 15:36:48 CSV;2021-03-01 16:02:39 CSV;2021-03-01 18:41:03 CSV;2021-03-01 18:47:14 CSV
2021-03-01,2021-03-01 15:36:48 CSV;2021-03-01 16:02:39 CSV;2021-03-01 18:41:03 CSV;2021-03-01 18:47:14 CSV
2021-03-01,2021-03-01 15:36:48 CSV;2021-03-01 16:02:39 CSV;2021-03-01 18:41:03 CSV;2021-03-01 18:47:14 CSV
2021-03-01,2021-03-01 15:36:48 CSV;2021-03-01 16:02:39 CSV;2021-03-01 18:41:03 CSV;2021-03-01 18:47:14 CSV
2021-03-01,2021-03-01 15:36:48 CSV;2021-03-01 16:02:39 CSV;2021-03-01 18:41:03 CSV;2021-03-01 18:47:14 CSV
2021-03-01,2021-03-01 15:36:48 CSV;2021-03-01 16:02:39 CSV;2021-03-01 18:41:03 CSV;2021-03-01 18:47:14 CSV
2021-03-01,2021-03-01 15:36:48 CSV;2021-03-01 16:02:39 CSV;2021-03-01 18:41:03 CSV;2021-03-01 18:47:14 CSV
2021-03-01,2021-03-01 15:36:48 CSV;2021-03-01 16:02:39 CSV;2021-03-01 18:41:03 CSV;2021-03-01 18:47:14 CSV
2021-03-01,2021-03-01 15:36:48 CSV;2021-03-01 16:02:39 CSV;2021-03-01 18:41:03 CSV;2021-03-01 18:47:14 CSV
2021-03-01,2021-03-01 15:36:48 CSV;2021-03-01 16:02:39 CSV;2021-03-01 18:41:03 CSV;2021-03-01 18:47:14 CSV
2021-03-01,2021-03-01 15:36:48 CSV;2021-03-01 16:02:39 CSV;2021-03-01 18:41:03 CSV;2021-03-01 18:47:14 CSV
2021-03-01,2021-03-01 15:36:48 CSV;2021-03-01 16:02:39 CSV;2021-03-01 18:41:03 CSV;2021-03-01 18:47:14 CSV
2021-03-01,2021-03-01 15:36:48 CSV;2021-03-01 16:02:39 CSV;2021-03-01 18:41:03 CSV;2021-03-01 18:47:14 CSV
2021-03-01,2021-03-01 15:36:48 CSV;2021-03-01 16:02:39 CSV;2021-03-01 18:41:03 CSV;2021-03-01 18:47:14 CSV
2021-03-01,2021-03-01 15:36:48 CSV;2021-03-01 16:02:39 CSV;2021-03-01 18:41:03 CSV;2021-03-01 18:47:14 CSV
2021-03-01,2021-03-01 15:36:48 CSV;2021-03-01 16:02:39 CSV;2021-03-01 18:41:03 CSV;2021-03-01 18:47:14 CSV
2021-03-01,2021-03-01 15:36:48 CSV;2021-03-01 16:02:39 CSV;2021-03-01 18:41:03 CSV;2021-03-01 18:47:14 CSV
2021-02-22,2021-02-23 18:39:39 CSV
2021-02-22,2021-02-23 18:39:39 CSV
2021-02-22,2021-02-23 18:39:39 CSV
2021-02-22,2021-02-23 18:39:39 CSV
2021-02-22,2021-02-23 18:39:39 CSV
2021-02-22,2021-02-23 18:39:39 CSV
2021-02-22,2021-02-23 18:39:39 CSV
2021-02-22,2021-02-23 18:39:39 CSV
2021-02-22,2021-02-23 18:39:39 CSV
2021-02-22,2021-02-23 18:39:39 CSV
2021-02-22,2021-02-23 18:39:39 CSV
2021-02-22,2021-02-23 18:39:39 CSV
2021-02-22,2021-02-23 18:39:39 CSV
PO,OrderDate,AdditionalInfo
2169164828
2369234370,Order Date,Additional Info
9868846643,2021-02-08,2021-02-08 19:34:29 CSV
7719194709,2021-02-08,2021-02-08 19:34:29 CSV
5669214489,2021-02-08,2021-02-08 19:34:29 CSV
9824942710,2021-02-08,2021-02-08 19:34:29 CSV
5924203897,2021-02-08,2021-02-08 19:34:29 CSV
9669863420,2021-02-08,2021-02-08 19:34:29 CSV
2469243800,2021-02-08,2021-02-08 19:34:29 CSV
6270092898,2021-02-08,2021-02-08 19:34:29 CSV
2021-02-08,2021-02-08 19:34:29 CSV
2021-02-08,2021-02-08 19:34:29 CSV
2021-02-08,2021-02-08 19:34:29 CSV
2021-02-08,2021-02-08 19:34:29 CSV
2021-02-08,2021-02-08 19:34:29 CSV
2021-02-08,2021-02-08 19:34:29 CSV
2021-02-08,2021-02-08 19:34:29 CSV
2021-02-08,2021-02-08 19:34:29 CSV
2021-02-08,2021-02-08 19:34:29 CSV
2021-02-08,2021-02-08 19:34:29 CSV
2021-02-08,2021-02-08 19:34:29 CSV
2021-02-08,2021-02-08 19:34:29 CSV
2021-02-08,2021-02-08 19:34:29 CSV
2021-02-08,2021-02-08 19:34:29 CSV
2021-02-08,2021-02-08 19:34:29 CSV
2021-02-08,2021-02-08 19:34:29 CSV
2021-02-08,2021-02-08 19:34:29 CSV
2021-02-08,2021-02-08 19:34:29 CSV
2021-02-08,2021-02-08 19:34:29 CSV
2021-02-08,2021-02-08 19:34:29 CSV
2021-02-08,2021-02-08 19:34:29 CSV
2021-02-08,2021-02-08 19:34:29 CSV
2021-02-08,2021-02-08 19:34:29 CSV
2021-02-08,2021-02-08 19:34:29 CSV
2021-02-08,2021-02-08 19:34:29 CSV
2021-02-08,2021-02-08 19:34:29 CSV
2021-02-01,2021-02-01 14:39:03 CSV;2021-02-01 18:12:03 CSV
2021-02-01,2021-02-01 14:39:03 CSV;2021-02-01 18:12:03 CSV
2021-02-01,2021-02-01 14:39:03 CSV;2021-02-01 18:12:03 CSV
PO,OrderDate,AdditionalInfo
3769623192
4870052805,Order Date,Additional Info
2169164389,2021-01-25,2021-01-25 14:16:58 CSV
6122400054,2021-01-25,2021-01-25 14:16:58 CSV
2421541152,2021-01-25,2021-01-25 14:16:58 CSV
7719194095,2021-01-25,2021-01-25 14:16:58 CSV
7418885660,2021-01-25,2021-01-25 14:16:58 CSV
9824942134,2021-01-25,2021-01-25 14:16:58 CSV
8570152036,2021-01-25,2021-01-25 14:16:58 CSV
7870151811,2021-01-25,2021-01-25 14:16:58 CSV
2021-01-25,2021-01-25 14:16:58 CSV
2021-01-18,2021-01-19 15:32:09 CSV
2021-01-18,2021-01-19 15:32:09 CSV
2021-01-18,2021-01-19 15:32:09 CSV
2021-01-18,2021-01-19 15:32:09 CSV
2021-01-18,2021-01-19 15:32:09 CSV
2021-01-18,2021-01-19 15:32:09 CSV
2021-01-18,2021-01-19 15:32:09 CSV
2021-01-18,2021-01-19 15:32:09 CSV
2021-01-18,2021-01-19 15:32:09 CSV
2021-01-18,2021-01-19 15:32:09 CSV
2021-01-18,2021-01-19 15:32:09 CSV
2021-01-18,2021-01-19 15:32:09 CSV
2021-01-18,2021-01-19 15:32:09 CSV
2021-01-18,2021-01-19 15:32:09 CSV
2021-01-18,2021-01-19 15:32:09 CSV
2021-01-18,2021-01-19 15:32:09 CSV
2021-01-18,2021-01-19 15:32:09 CSV
2021-01-18,2021-01-19 15:32:09 CSV
2021-01-18,2021-01-19 15:32:09 CSV
2021-01-18,2021-01-19 15:32:09 CSV
2021-01-18,2021-01-19 15:32:09 CSV
2021-01-18,2021-01-19 15:32:09 CSV
2021-01-18,2021-01-19 15:32:09 CSV
2021-01-18,2021-01-19 15:32:09 CSV
2021-01-18,2021-01-19 15:32:09 CSV
2021-01-18,2021-01-19 15:32:09 CSV
2021-01-18,2021-01-19 15:32:09 CSV
2021-01-18,2021-01-19 15:32:09 CSV
PO,OrderDate,AdditionalInfo
3919652568
6820661451,Order Date,Additional Info
6470901216,2021-01-04,2021-01-04 17:36:22 CSV;2021-01-06 13:41:35 CSV
4669592674,2021-01-04,2021-01-04 17:36:22 CSV;2021-01-06 13:41:35 CSV
4870052262,2021-01-04,2021-01-04 17:36:22 CSV;2021-01-06 13:41:35 CSV
2421540654,2021-01-04,2021-01-04 17:36:22 CSV;2021-01-06 13:41:35 CSV
4269622648,2021-01-04,2021-01-04 17:36:22 CSV;2021-01-06 13:41:35 CSV
2169163790,2021-01-04,2021-01-04 17:36:22 CSV;2021-01-06 13:41:35 CSV
5871430686,2021-01-04,2021-01-04 17:36:22 CSV;2021-01-06 13:41:35 CSV
3769622636,2021-01-04,2021-01-04 17:36:22 CSV;2021-01-06 13:41:35 CSV
2021-01-04,2021-01-04 17:36:22 CSV;2021-01-06 13:41:35 CSV
2021-01-04,2021-01-04 17:36:22 CSV;2021-01-06 13:41:35 CSV
2020-12-28,2020-12-28 16:41:55 CSV;2020-12-28 17:51:34 CSV
2020-12-28,2020-12-28 16:41:55 CSV;2020-12-28 17:51:34 CSV
2020-12-28,2020-12-28 16:41:55 CSV;2020-12-28 17:51:34 CSV
2020-12-28,2020-12-28 16:41:55 CSV;2020-12-28 17:51:34 CSV
2020-12-28,2020-12-28 16:41:55 CSV;2020-12-28 17:51:34 CSV
2020-12-28,2020-12-28 16:41:55 CSV;2020-12-28 17:51:34 CSV
2020-12-28,2020-12-28 16:41:55 CSV;2020-12-28 17:51:34 CSV
2020-12-28,2020-12-28 16:41:55 CSV;2020-12-28 17:51:34 CSV
2020-12-28,2020-12-28 16:41:55 CSV;2020-12-28 17:51:34 CSV
2020-12-28,2020-12-28 16:41:55 CSV;2020-12-28 17:51:34 CSV
2020-12-28,2020-12-28 16:41:55 CSV;2020-12-28 17:51:34 CSV
2020-12-28,2020-12-28 16:41:55 CSV;2020-12-28 17:51:34 CSV
2020-12-28,2020-12-28 16:41:55 CSV;2020-12-28 17:51:34 CSV
2020-12-28,2020-12-28 16:41:55 CSV;2020-12-28 17:51:34 CSV
2020-12-28,2020-12-28 16:41:55 CSV;2020-12-28 17:51:34 CSV
2020-12-28,2020-12-28 16:41:55 CSV;2020-12-28 17:51:34 CSV
2020-12-28,2020-12-28 16:41:55 CSV;2020-12-28 17:51:34 CSV
2020-12-28,2020-12-28 16:41:55 CSV;2020-12-28 17:51:34 CSV
2020-12-28,2020-12-28 16:41:55 CSV;2020-12-28 17:51:34 CSV
2020-12-28,2020-12-28 16:41:55 CSV;2020-12-28 17:51:34 CSV
2020-12-28,2020-12-28 16:41:55 CSV;2020-12-28 17:51:34 CSV
2020-12-28,2020-12-28 16:41:55 CSV;2020-12-28 17:51:34 CSV
2020-12-28,2020-12-28 16:41:55 CSV;2020-12-28 17:51:34 CSV
2020-12-28,2020-12-28 16:41:55 CSV;2020-12-28 17:51:34 CSV
2020-12-28,2020-12-28 16:41:55 CSV;2020-12-28 17:51:34 CSV
2020-12-28,2020-12-28 16:41:55 CSV;2020-12-28 17:51:34 CSV
2020-12-28,2020-12-28 16:41:55 CSV;2020-12-28 17:51:34 CSV
PO,OrderDate,AdditionalInfo
3769622019
2421540065,Order Date,Additional Info
1916829041,2020-12-07,2020-12-07 13:59:27 CSV;2020-12-07 20:43:54 CSV
8570151095,2020-12-07,2020-12-07 13:59:27 CSV;2020-12-07 20:43:54 CSV
4866389966,2020-11-30,2020-11-30 14:24:46 CSV;2020-12-02 21:36:52 CSV;2020-12-02 22:31:29 CSV;2020-12-08 19:35:47 CSV
5669212653,2020-11-30,2020-11-30 14:24:46 CSV;2020-12-02 21:36:52 CSV;2020-12-02 22:31:29 CSV;2020-12-08 19:35:47 CSV
5869861738,2020-11-30,2020-11-30 14:24:46 CSV;2020-12-02 21:36:52 CSV;2020-12-02 22:31:29 CSV;2020-12-08 19:35:47 CSV
6116469670,2020-11-30,2020-11-30 14:24:46 CSV;2020-12-02 21:36:52 CSV;2020-12-02 22:31:29 CSV;2020-12-08 19:35:47 CSV
4223843599,2020-11-30,2020-11-30 14:24:46 CSV;2020-12-02 21:36:52 CSV;2020-12-02 22:31:29 CSV;2020-12-08 19:35:47 CSV
2469242246,2020-11-30,2020-11-30 14:24:46 CSV;2020-12-02 21:36:52 CSV;2020-12-02 22:31:29 CSV;2020-12-08 19:35:47 CSV
2020-11-30,2020-11-30 14:24:46 CSV;2020-12-02 21:36:52 CSV;2020-12-02 22:31:29 CSV;2020-12-08 19:35:47 CSV
2020-11-30,2020-11-30 14:24:46 CSV;2020-12-02 21:36:52 CSV;2020-12-02 22:31:29 CSV;2020-12-08 19:35:47 CSV
2020-11-30,2020-11-30 14:24:46 CSV;2020-12-02 21:36:52 CSV;2020-12-02 22:31:29 CSV;2020-12-08 19:35:47 CSV
2020-11-30,2020-11-30 14:24:46 CSV;2020-12-02 21:36:52 CSV;2020-12-02 22:31:29 CSV;2020-12-08 19:35:47 CSV
2020-11-30,2020-11-30 14:24:46 CSV;2020-12-02 21:36:52 CSV;2020-12-02 22:31:29 CSV;2020-12-08 19:35:47 CSV
2020-11-30,2020-11-30 14:24:46 CSV;2020-12-02 21:36:52 CSV;2020-12-02 22:31:29 CSV;2020-12-08 19:35:47 CSV
2020-11-30,2020-11-30 14:24:46 CSV;2020-12-02 21:36:52 CSV;2020-12-02 22:31:29 CSV;2020-12-08 19:35:47 CSV
2020-11-30,2020-11-30 14:24:46 CSV;2020-12-02 21:36:52 CSV;2020-12-02 22:31:29 CSV;2020-12-08 19:35:47 CSV
2020-11-30,2020-11-30 14:24:46 CSV;2020-12-02 21:36:52 CSV;2020-12-02 22:31:29 CSV;2020-12-08 19:35:47 CSV
2020-11-30,2020-11-30 14:24:46 CSV;2020-12-02 21:36:52 CSV;2020-12-02 22:31:29 CSV;2020-12-08 19:35:47 CSV
2020-11-30,2020-11-30 14:24:46 CSV;2020-12-02 21:36:52 CSV;2020-12-02 22:31:29 CSV;2020-12-08 19:35:47 CSV
2020-11-30,2020-11-30 14:24:46 CSV;2020-12-02 21:36:52 CSV;2020-12-02 22:31:29 CSV;2020-12-08 19:35:47 CSV
2020-11-30,2020-11-30 14:24:46 CSV;2020-12-02 21:36:52 CSV;2020-12-02 22:31:29 CSV;2020-12-08 19:35:47 CSV
2020-11-30,2020-11-30 14:24:46 CSV;2020-12-02 21:36:52 CSV;2020-12-02 22:31:29 CSV;2020-12-08 19:35:47 CSV
2020-11-30,2020-11-30 14:24:46 CSV;2020-12-02 21:36:52 CSV;2020-12-02 22:31:29 CSV;2020-12-08 19:35:47 CSV
2020-11-30,2020-11-30 14:24:46 CSV;2020-12-02 21:36:52 CSV;2020-12-02 22:31:29 CSV;2020-12-08 19:35:47 CSV
2020-11-30,2020-11-30 14:24:46 CSV;2020-12-02 21:36:52 CSV;2020-12-02 22:31:29 CSV;2020-12-08 19:35:47 CSV
2020-11-30,2020-11-30 14:24:46 CSV;2020-12-02 21:36:52 CSV;2020-12-02 22:31:29 CSV;2020-12-08 19:35:47 CSV
2020-11-30,2020-11-30 14:24:46 CSV;2020-12-02 21:36:52 CSV;2020-12-02 22:31:29 CSV;2020-12-08 19:35:47 CSV
2020-11-30,2020-11-30 14:24:46 CSV;2020-12-02 21:36:52 CSV;2020-12-02 22:31:29 CSV;2020-12-08 19:35:47 CSV
2020-11-30,2020-11-30 14:24:46 CSV;2020-12-02 21:36:52 CSV;2020-12-02 22:31:29 CSV;2020-12-08 19:35:47 CSV
2020-11-30,2020-11-30 14:24:46 CSV;2020-12-02 21:36:52 CSV;2020-12-02 22:31:29 CSV;2020-12-08 19:35:47 CSV
2020-11-30,2020-11-30 14:24:46 CSV;2020-12-02 21:36:52 CSV;2020-12-02 22:31:29 CSV;2020-12-08 19:35:47 CSV
2020-11-30,2020-11-30 14:24:46 CSV;2020-12-02 21:36:52 CSV;2020-12-02 22:31:29 CSV;2020-12-08 19:35:47 CSV
2020-11-30,2020-11-30 14:24:46 CSV;2020-12-02 21:36:52 CSV;2020-12-02 22:31:29 CSV;2020-12-08 19:35:47 CSV
2020-11-30,2020-11-30 14:24:46 CSV;2020-12-02 21:36:52 CSV;2020-12-02 22:31:29 CSV;2020-12-08 19:35:47 CSV
2020-11-30,2020-11-30 14:24:46 CSV;2020-12-02 21:36:52 CSV;2020-12-02 22:31:29 CSV;2020-12-08 19:35:47 CSV
2020-11-30,2020-11-30 14:24:46 CSV;2020-12-02 21:36:52 CSV;2020-12-02 22:31:29 CSV;2020-12-08 19:35:47 CSV
2020-11-30,2020-11-30 14:24:46 CSV;2020-12-02 21:36:52 CSV;2020-12-02 22:31:29 CSV;2020-12-08 19:35:47 CSV
PO,OrderDate,AdditionalInfo
6470900299
3769621719,Order Date,Additional Info
6319222342,2020-11-23,2020-11-23 13:53:11 CSV;2020-11-24 18:51:13 CSV;2020-11-24 19:02:37 CSV;2020-11-27 17:05:04 CSV;2020-12-08 19:37:40 CSV;2020-12-08 20:02:00 CSV;2021-01-26 19:58:23 CSV
3866509768,2020-11-23,2020-11-23 13:53:11 CSV;2020-11-24 18:51:13 CSV;2020-11-24 19:02:37 CSV;2020-11-27 17:05:04 CSV;2020-12-08 19:37:40 CSV;2020-12-08 20:02:00 CSV;2021-01-26 19:58:23 CSV
2169162733,2020-11-23,2020-11-23 13:53:11 CSV;2020-11-24 18:51:13 CSV;2020-11-24 19:02:37 CSV;2020-11-27 17:05:04 CSV;2020-12-08 19:37:40 CSV;2020-12-08 20:02:00 CSV;2021-01-26 19:58:23 CSV
6723813813,2020-11-23,2020-11-23 13:53:11 CSV;2020-11-24 18:51:13 CSV;2020-11-24 19:02:37 CSV;2020-11-27 17:05:04 CSV;2020-12-08 19:37:40 CSV;2020-12-08 20:02:00 CSV;2021-01-26 19:58:23 CSV
6168954024,2020-11-23,2020-11-23 13:53:11 CSV;2020-11-24 18:51:13 CSV;2020-11-24 19:02:37 CSV;2020-11-27 17:05:04 CSV;2020-12-08 19:37:40 CSV;2020-12-08 20:02:00 CSV;2021-01-26 19:58:23 CSV
5869861562,2020-11-23,2020-11-23 13:53:11 CSV;2020-11-24 18:51:13 CSV;2020-11-24 19:02:37 CSV;2020-11-27 17:05:04 CSV;2020-12-08 19:37:40 CSV;2020-12-08 20:02:00 CSV;2021-01-26 19:58:23 CSV
9823634426,2020-11-23,2020-11-23 13:53:11 CSV;2020-11-24 18:51:13 CSV;2020-11-24 19:02:37 CSV;2020-11-27 17:05:04 CSV;2020-12-08 19:37:40 CSV;2020-12-08 20:02:00 CSV;2021-01-26 19:58:23 CSV
7418884169,2020-11-23,2020-11-23 13:53:11 CSV;2020-11-24 18:51:13 CSV;2020-11-24 19:02:37 CSV;2020-11-27 17:05:04 CSV;2020-12-08 19:37:40 CSV;2020-12-08 20:02:00 CSV;2021-01-26 19:58:23 CSV
2020-11-23,2020-11-23 13:53:11 CSV;2020-11-24 18:51:13 CSV;2020-11-24 19:02:37 CSV;2020-11-27 17:05:04 CSV;2020-12-08 19:37:40 CSV;2020-12-08 20:02:00 CSV;2021-01-26 19:58:23 CSV
2020-11-23,2020-11-23 13:53:11 CSV;2020-11-24 18:51:13 CSV;2020-11-24 19:02:37 CSV;2020-11-27 17:05:04 CSV;2020-12-08 19:37:40 CSV;2020-12-08 20:02:00 CSV;2021-01-26 19:58:23 CSV
2020-11-23,2020-11-23 13:53:11 CSV;2020-11-24 18:51:13 CSV;2020-11-24 19:02:37 CSV;2020-11-27 17:05:04 CSV;2020-12-08 19:37:40 CSV;2020-12-08 20:02:00 CSV;2021-01-26 19:58:23 CSV
2020-11-23,2020-11-23 13:53:11 CSV;2020-11-24 18:51:13 CSV;2020-11-24 19:02:37 CSV;2020-11-27 17:05:04 CSV;2020-12-08 19:37:40 CSV;2020-12-08 20:02:00 CSV;2021-01-26 19:58:23 CSV
2020-11-23,2020-11-23 13:53:11 CSV;2020-11-24 18:51:13 CSV;2020-11-24 19:02:37 CSV;2020-11-27 17:05:04 CSV;2020-12-08 19:37:40 CSV;2020-12-08 20:02:00 CSV;2021-01-26 19:58:23 CSV
2020-11-23,2020-11-23 13:53:11 CSV;2020-11-24 18:51:13 CSV;2020-11-24 19:02:37 CSV;2020-11-27 17:05:04 CSV;2020-12-08 19:37:40 CSV;2020-12-08 20:02:00 CSV;2021-01-26 19:58:23 CSV
2020-11-23,2020-11-23 13:53:11 CSV;2020-11-24 18:51:13 CSV;2020-11-24 19:02:37 CSV;2020-11-27 17:05:04 CSV;2020-12-08 19:37:40 CSV;2020-12-08 20:02:00 CSV;2021-01-26 19:58:23 CSV
2020-11-23,2020-11-23 13:53:11 CSV;2020-11-24 18:51:13 CSV;2020-11-24 19:02:37 CSV;2020-11-27 17:05:04 CSV;2020-12-08 19:37:40 CSV;2020-12-08 20:02:00 CSV;2021-01-26 19:58:23 CSV
2020-11-23,2020-11-23 13:53:11 CSV;2020-11-24 18:51:13 CSV;2020-11-24 19:02:37 CSV;2020-11-27 17:05:04 CSV;2020-12-08 19:37:40 CSV;2020-12-08 20:02:00 CSV;2021-01-26 19:58:23 CSV
2020-11-23,2020-11-23 13:53:11 CSV;2020-11-24 18:51:13 CSV;2020-11-24 19:02:37 CSV;2020-11-27 17:05:04 CSV;2020-12-08 19:37:40 CSV;2020-12-08 20:02:00 CSV;2021-01-26 19:58:23 CSV
2020-11-23,2020-11-23 13:53:11 CSV;2020-11-24 18:51:13 CSV;2020-11-24 19:02:37 CSV;2020-11-27 17:05:04 CSV;2020-12-08 19:37:40 CSV;2020-12-08 20:02:00 CSV;2021-01-26 19:58:23 CSV
2020-11-23,2020-11-23 13:53:11 CSV;2020-11-24 18:51:13 CSV;2020-11-24 19:02:37 CSV;2020-11-27 17:05:04 CSV;2020-12-08 19:37:40 CSV;2020-12-08 20:02:00 CSV;2021-01-26 19:58:23 CSV
2020-11-23,2020-11-23 13:53:11 CSV;2020-11-24 18:51:13 CSV;2020-11-24 19:02:37 CSV;2020-11-27 17:05:04 CSV;2020-12-08 19:37:40 CSV;2020-12-08 20:02:00 CSV;2021-01-26 19:58:23 CSV
2020-11-23,2020-11-23 13:53:11 CSV;2020-11-24 18:51:13 CSV;2020-11-24 19:02:37 CSV;2020-11-27 17:05:04 CSV;2020-12-08 19:37:40 CSV;2020-12-08 20:02:00 CSV;2021-01-26 19:58:23 CSV
2020-11-16,2020-11-16 19:42:05 CSV;2020-11-17 16:13:16 CSV
2020-11-16,2020-11-16 19:42:05 CSV;2020-11-17 16:13:16 CSV
2020-11-16,2020-11-16 19:42:05 CSV;2020-11-17 16:13:16 CSV
2020-11-16,2020-11-16 19:42:05 CSV;2020-11-17 16:13:16 CSV
2020-11-16,2020-11-16 19:42:05 CSV;2020-11-17 16:13:16 CSV
2020-11-16,2020-11-16 19:42:05 CSV;2020-11-17 16:13:16 CSV
2020-11-16,2020-11-16 19:42:05 CSV;2020-11-17 16:13:16 CSV
2020-11-16,2020-11-16 19:42:05 CSV;2020-11-17 16:13:16 CSV
2020-11-16,2020-11-16 19:42:05 CSV;2020-11-17 16:13:16 CSV
2020-11-16,2020-11-16 19:42:05 CSV;2020-11-17 16:13:16 CSV
2020-11-16,2020-11-16 19:42:05 CSV;2020-11-17 16:13:16 CSV
2020-11-16,2020-11-16 19:42:05 CSV;2020-11-17 16:13:16 CSV
2020-11-16,2020-11-16 19:42:05 CSV;2020-11-17 16:13:16 CSV
2020-11-16,2020-11-16 19:42:05 CSV;2020-11-17 16:13:16 CSV
2020-11-16,2020-11-16 19:42:05 CSV;2020-11-17 16:13:16 CSV
PO,OrderDate,AdditionalInfo
9868843831
7321389019,Order Date,Additional Info
2169162131,2020-11-02,2020-11-02 17:21:45 CSV;2020-11-02 18:48:56 CSV
4223842814,2020-11-02,2020-11-02 17:21:45 CSV;2020-11-02 18:48:56 CSV
2769601213,2020-11-02,2020-11-02 17:21:45 CSV;2020-11-02 18:48:56 CSV
3919651042,2020-11-02,2020-11-02 17:21:45 CSV;2020-11-02 18:48:56 CSV
4166239893,2020-11-02,2020-11-02 17:21:45 CSV;2020-11-02 18:48:56 CSV
4669591139,2020-11-02,2020-11-02 17:21:45 CSV;2020-11-02 18:48:56 CSV
1616309956,2020-11-02,2020-11-02 17:21:45 CSV;2020-11-02 18:48:56 CSV
2369231832,2020-11-02,2020-11-02 17:21:45 CSV;2020-11-02 18:48:56 CSV
2020-11-02,2020-11-02 17:21:45 CSV;2020-11-02 18:48:56 CSV
2020-11-02,2020-11-02 17:21:45 CSV;2020-11-02 18:48:56 CSV
2020-11-02,2020-11-02 17:21:45 CSV;2020-11-02 18:48:56 CSV
2020-11-02,2020-11-02 17:21:45 CSV;2020-11-02 18:48:56 CSV
2020-11-02,2020-11-02 17:21:45 CSV;2020-11-02 18:48:56 CSV
2020-11-02,2020-11-02 17:21:45 CSV;2020-11-02 18:48:56 CSV
2020-11-02,2020-11-02 17:21:45 CSV;2020-11-02 18:48:56 CSV
2020-11-02,2020-11-02 17:21:45 CSV;2020-11-02 18:48:56 CSV
2020-11-02,2020-11-02 17:21:45 CSV;2020-11-02 18:48:56 CSV
2020-10-26,2020-10-26 12:48:59 CSV;2020-10-26 19:04:38 CSV
2020-10-26,2020-10-26 12:48:59 CSV;2020-10-26 19:04:38 CSV
2020-10-26,2020-10-26 12:48:59 CSV;2020-10-26 19:04:38 CSV
2020-10-26,2020-10-26 12:48:59 CSV;2020-10-26 19:04:38 CSV
2020-10-26,2020-10-26 12:48:59 CSV;2020-10-26 19:04:38 CSV
2020-10-26,2020-10-26 12:48:59 CSV;2020-10-26 19:04:38 CSV
2020-10-26,2020-10-26 12:48:59 CSV;2020-10-26 19:04:38 CSV
2020-10-26,2020-10-26 12:48:59 CSV;2020-10-26 19:04:38 CSV
2020-10-26,2020-10-26 12:48:59 CSV;2020-10-26 19:04:38 CSV
2020-10-26,2020-10-26 12:48:59 CSV;2020-10-26 19:04:38 CSV
2020-10-26,2020-10-26 12:48:59 CSV;2020-10-26 19:04:38 CSV
2020-10-26,2020-10-26 12:48:59 CSV;2020-10-26 19:04:38 CSV
2020-10-26,2020-10-26 12:48:59 CSV;2020-10-26 19:04:38 CSV
2020-10-26,2020-10-26 12:48:59 CSV;2020-10-26 19:04:38 CSV
2020-10-26,2020-10-26 12:48:59 CSV;2020-10-26 19:04:38 CSV
2020-10-26,2020-10-26 12:48:59 CSV;2020-10-26 19:04:38 CSV
2020-10-26,2020-10-26 12:48:59 CSV;2020-10-26 19:04:38 CSV
2020-10-26,2020-10-26 12:48:59 CSV;2020-10-26 19:04:38 CSV
2020-10-26,2020-10-26 12:48:59 CSV;2020-10-26 19:04:38 CSV
2020-10-26,2020-10-26 12:48:59 CSV;2020-10-26 19:04:38 CSV
PO,OrderDate,AdditionalInfo
2366359252
1616309427,Order Date,Additional Info
2169161531,2020-10-12,2020-10-12 18:01:30 CSV;2020-10-12 18:36:54 CSV
2369231250,2020-10-12,2020-10-12 18:01:30 CSV;2020-10-12 18:36:54 CSV
1916827816,2020-10-12,2020-10-12 18:01:30 CSV;2020-10-12 18:36:54 CSV
9823633215,2020-10-12,2020-10-12 18:01:30 CSV;2020-10-12 18:36:54 CSV
7719191423,2020-10-12,2020-10-12 18:01:30 CSV;2020-10-12 18:36:54 CSV
5669211302,2020-10-12,2020-10-12 18:01:30 CSV;2020-10-12 18:36:54 CSV
6116468518,2020-10-12,2020-10-12 18:01:30 CSV;2020-10-12 18:36:54 CSV
4866388949,2020-10-12,2020-10-12 18:01:30 CSV;2020-10-12 18:36:54 CSV
2020-10-12,2020-10-12 18:01:30 CSV;2020-10-12 18:36:54 CSV
2020-10-12,2020-10-12 18:01:30 CSV;2020-10-12 18:36:54 CSV
2020-10-12,2020-10-12 18:01:30 CSV;2020-10-12 18:36:54 CSV
2020-10-12,2020-10-12 18:01:30 CSV;2020-10-12 18:36:54 CSV
2020-10-12,2020-10-12 18:01:30 CSV;2020-10-12 18:36:54 CSV
2020-10-12,2020-10-12 18:01:30 CSV;2020-10-12 18:36:54 CSV
2020-10-12,2020-10-12 18:01:30 CSV;2020-10-12 18:36:54 CSV
2020-10-12,2020-10-12 18:01:30 CSV;2020-10-12 18:36:54 CSV
2020-10-12,2020-10-12 18:01:30 CSV;2020-10-12 18:36:54 CSV
2020-10-12,2020-10-12 18:01:30 CSV;2020-10-12 18:36:54 CSV
2020-10-12,2020-10-12 18:01:30 CSV;2020-10-12 18:36:54 CSV
2020-10-12,2020-10-12 18:01:30 CSV;2020-10-12 18:36:54 CSV
2020-10-12,2020-10-12 18:01:30 CSV;2020-10-12 18:36:54 CSV
2020-10-12,2020-10-12 18:01:30 CSV;2020-10-12 18:36:54 CSV
2020-10-12,2020-10-12 18:01:30 CSV;2020-10-12 18:36:54 CSV
2020-10-12,2020-10-12 18:01:30 CSV;2020-10-12 18:36:54 CSV
2020-10-12,2020-10-12 18:01:30 CSV;2020-10-12 18:36:54 CSV
2020-10-12,2020-10-12 18:01:30 CSV;2020-10-12 18:36:54 CSV
2020-10-12,2020-10-12 18:01:30 CSV;2020-10-12 18:36:54 CSV
2020-10-12,2020-10-12 18:01:30 CSV;2020-10-12 18:36:54 CSV
2020-10-12,2020-10-12 18:01:30 CSV;2020-10-12 18:36:54 CSV
2020-10-12,2020-10-12 18:01:30 CSV;2020-10-12 18:36:54 CSV
2020-10-12,2020-10-12 18:01:30 CSV;2020-10-12 18:36:54 CSV
2020-10-12,2020-10-12 18:01:30 CSV;2020-10-12 18:36:54 CSV
2020-10-12,2020-10-12 18:01:30 CSV;2020-10-12 18:36:54 CSV
2020-10-12,2020-10-12 18:01:30 CSV;2020-10-12 18:36:54 CSV
2020-10-12,2020-10-12 18:01:30 CSV;2020-10-12 18:36:54 CSV
2020-10-12,2020-10-12 18:01:30 CSV;2020-10-12 18:36:54 CSV
2020-10-12,2020-10-12 18:01:30 CSV;2020-10-12 18:36:54 CSV
PO,OrderDate,AdditionalInfo
4166235354
2266065531,Order Date,Additional Info
2316066096,2020-04-20,2020-04-20 16:58:34 CSV
6816116120,2020-04-20,2020-04-20 16:58:34 CSV
6220697017,2020-04-20,2020-04-20 16:58:34 CSV
5465946759,2020-04-20,2020-04-20 16:58:34 CSV
7321384609,2020-04-20,2020-04-20 16:58:34 CSV
8865926792,2020-04-20,2020-04-20 16:58:34 CSV
2766025935,2020-04-20,2020-04-20 16:58:34 CSV
4220796294,2020-04-20,2020-04-20 16:58:34 CSV
2020-04-20,2020-04-20 16:58:34 CSV
2020-04-20,2020-04-20 16:58:34 CSV
2020-04-20,2020-04-20 16:58:34 CSV
2020-04-20,2020-04-20 16:58:34 CSV
2020-04-20,2020-04-20 16:58:34 CSV
2020-04-20,2020-04-20 16:58:34 CSV
2020-04-20,2020-04-20 16:58:34 CSV
2020-04-20,2020-04-20 16:58:34 CSV
2020-04-20,2020-04-20 16:58:34 CSV
2020-04-13,2020-04-13 21:15:15 CSV
2020-04-13,2020-04-13 21:15:15 CSV
2020-04-13,2020-04-13 21:15:15 CSV
2020-04-13,2020-04-13 21:15:15 CSV
2020-04-13,2020-04-13 21:15:15 CSV
2020-04-13,2020-04-13 21:15:15 CSV
2020-04-13,2020-04-13 21:15:15 CSV
2020-04-13,2020-04-13 21:15:15 CSV
2020-04-13,2020-04-13 21:15:15 CSV
2020-04-13,2020-04-13 21:15:15 CSV
2020-04-13,2020-04-13 21:15:15 CSV
2020-04-13,2020-04-13 21:15:15 CSV
2020-04-13,2020-04-13 21:15:15 CSV
2020-04-13,2020-04-13 21:15:15 CSV
2020-04-13,2020-04-13 21:15:15 CSV
2020-04-13,2020-04-13 21:15:15 CSV
2020-04-13,2020-04-13 21:15:15 CSV
2020-04-13,2020-04-13 21:15:15 CSV
2020-04-13,2020-04-13 21:15:15 CSV
2020-04-13,2020-04-13 21:15:15 CSV
