PONum,OrderDate,AdditionalInfo

Order Date,Additional Info
2021-04-26,2021-04-26 13:22:38 CSV;2021-04-27 18:41:17 CSV
5871433295,2021-04-26,2021-04-26 13:22:38 CSV;2021-04-27 18:41:17 CSV
8326303586,2021-04-26,2021-04-26 13:22:38 CSV;2021-04-27 18:41:17 CSV
5669216926,2021-04-26,2021-04-26 13:22:38 CSV;2021-04-27 18:41:17 CSV
7719197180,2021-04-26,2021-04-26 13:22:38 CSV;2021-04-27 18:41:17 CSV
9824944945,2021-04-26,2021-04-26 13:22:38 CSV;2021-04-27 18:41:17 CSV
7971633284,2021-04-26,2021-04-26 13:22:38 CSV;2021-04-27 18:41:17 CSV
9669865798,2021-04-26,2021-04-26 13:22:38 CSV;2021-04-27 18:41:17 CSV
4223848088,2021-04-26,2021-04-26 13:22:38 CSV;2021-04-27 18:41:17 CSV
6168958876,2021-04-26,2021-04-26 13:22:38 CSV;2021-04-27 18:41:17 CSV
6270095235,2021-04-26,2021-04-26 13:22:38 CSV;2021-04-27 18:41:17 CSV
5924206314,2021-04-26,2021-04-26 13:22:38 CSV;2021-04-27 18:41:17 CSV
2469246176,2021-04-26,2021-04-26 13:22:38 CSV;2021-04-27 18:41:17 CSV
8570154753,2021-04-26,2021-04-26 13:22:38 CSV;2021-04-27 18:41:17 CSV
2769606119,2021-04-26,2021-04-26 13:22:38 CSV;2021-04-27 18:41:17 CSV
8925374589,2021-04-26,2021-04-26 13:22:38 CSV;2021-04-27 18:41:17 CSV
5869865630,2021-04-26,2021-04-26 13:22:38 CSV;2021-04-27 18:41:17 CSV
7870154586,2021-04-26,2021-04-26 13:22:38 CSV;2021-04-27 18:41:17 CSV
6723818597,2021-04-26,2021-04-26 13:22:38 CSV;2021-04-27 18:41:17 CSV
3770075623,2021-04-26,2021-04-26 13:22:38 CSV;2021-04-27 18:41:17 CSV
6970474910,2021-04-26,2021-04-26 13:22:38 CSV;2021-04-27 18:41:17 CSV
7418888998,2021-04-26,2021-04-26 13:22:38 CSV;2021-04-27 18:41:17 CSV
9824566062,2021-04-26,2021-04-26 13:22:38 CSV;2021-04-27 18:41:17 CSV
3919655922,2021-04-26,2021-04-26 13:22:38 CSV;2021-04-27 18:41:17 CSV
1420774486,2021-04-26,2021-04-26 13:22:38 CSV;2021-04-27 18:41:17 CSV
9823639177,2021-04-26,2021-04-26 13:22:38 CSV;2021-04-27 18:41:17 CSV
8268938150,2021-04-26,2021-04-26 13:22:38 CSV;2021-04-27 18:41:17 CSV
6820664676,2021-04-26,2021-04-26 13:22:38 CSV;2021-04-27 18:41:17 CSV
7369056877,2021-04-26,2021-04-26 13:22:38 CSV;2021-04-27 18:41:17 CSV
6470904348,2021-04-26,2021-04-26 13:22:38 CSV;2021-04-27 18:41:17 CSV
2369236759,2021-04-26,2021-04-26 13:22:38 CSV;2021-04-27 18:41:17 CSV
6970094698,2021-04-26,2021-04-26 13:22:38 CSV;2021-04-27 18:41:17 CSV
6319226576,2021-04-26,2021-04-26 13:22:38 CSV;2021-04-27 18:41:17 CSV
3769626036,2021-04-26,2021-04-26 13:22:38 CSV;2021-04-27 18:41:17 CSV
6469226346,2021-04-26,2021-04-26 13:22:38 CSV;2021-04-27 18:41:17 CSV
4870055575,2021-04-26,2021-04-26 13:22:38 CSV;2021-04-27 18:41:17 CSV
2169167467,2021-04-26,2021-04-26 13:22:38 CSV;2021-04-27 18:41:17 CSV
4269625946,2021-04-26,2021-04-26 13:22:38 CSV;2021-04-27 18:41:17 CSV
2421543762,2021-04-26,2021-04-26 13:22:38 CSV;2021-04-27 18:41:17 CSV
6122402425,2021-04-26,2021-04-26 13:22:38 CSV;2021-04-27 18:41:17 CSV
4669596009,2021-04-26,2021-04-26 13:22:38 CSV;2021-04-27 18:41:17 CSV
9868849279,2021-04-26,2021-04-26 13:22:38 CSV;2021-04-27 18:41:17 CSV
8271633310,2021-04-19,2021-04-19 14:48:02 CSV
5871433136,2021-04-19,2021-04-19 14:48:02 CSV
9824944763,2021-04-19,2021-04-19 14:48:02 CSV
9823638957,2021-04-19,2021-04-19 14:48:02 CSV
9824565867,2021-04-19,2021-04-19 14:48:02 CSV
9868849062,2021-04-19,2021-04-19 14:48:02 CSV
7719196978,2021-04-19,2021-04-19 14:48:02 CSV
5669216705,2021-04-19,2021-04-19 14:48:02 CSV
8326303407,2021-04-19,2021-04-19 14:48:02 CSV
7971633115,2021-04-19,2021-04-19 14:48:02 CSV
4223847880,2021-04-19,2021-04-19 14:48:02 CSV
9669865604,2021-04-19,2021-04-19 14:48:02 CSV
2769605913,2021-04-19,2021-04-19 14:48:02 CSV
7369056689,2021-04-19,2021-04-19 14:48:02 CSV
2469245969,2021-04-19,2021-04-19 14:48:02 CSV
3919655711,2021-04-19,2021-04-19 14:48:02 CSV
3770075420,2021-04-19,2021-04-19 14:48:02 CSV
6970474708,2021-04-19,2021-04-19 14:48:02 CSV
7418888767,2021-04-19,2021-04-19 14:48:02 CSV
8570154564,2021-04-19,2021-04-19 14:48:02 CSV
6168958667,2021-04-19,2021-04-19 14:48:02 CSV
7870154383,2021-04-19,2021-04-19 14:48:02 CSV
6820664489,2021-04-19,2021-04-19 14:48:02 CSV
1420774299,2021-04-19,2021-04-19 14:48:02 CSV
8268937924,2021-04-19,2021-04-19 14:48:02 CSV
6723818360,2021-04-19,2021-04-19 14:48:02 CSV
5924206119,2021-04-19,2021-04-19 14:48:02 CSV
6270095031,2021-04-19,2021-04-19 14:48:02 CSV
6970094501,2021-04-19,2021-04-19 14:48:02 CSV
8925374416,2021-04-19,2021-04-19 14:48:02 CSV
6319226378,2021-04-19,2021-04-19 14:48:02 CSV
4870055370,2021-04-19,2021-04-19 14:48:02 CSV
3769625831,2021-04-19,2021-04-19 14:48:02 CSV
4669595817,2021-04-19,2021-04-19 14:48:02 CSV
6469226143,2021-04-19,2021-04-19 14:48:02 CSV
2169167253,2021-04-19,2021-04-19 14:48:02 CSV
4269625736,2021-04-19,2021-04-19 14:48:02 CSV
6470904156,2021-04-19,2021-04-19 14:48:02 CSV
2421543575,2021-04-19,2021-04-19 14:48:02 CSV
6122402262,2021-04-19,2021-04-19 14:48:02 CSV
8271633140,2021-04-19,2021-04-19 14:48:02 CSV
2369236549,2021-04-12,2021-04-12 18:05:20 CSV
7719196766,2021-04-12,2021-04-12 18:05:20 CSV
8326303206,2021-04-12,2021-04-12 18:05:20 CSV
5669216509,2021-04-12,2021-04-12 18:05:20 CSV
5869865222,2021-04-12,2021-04-12 18:05:20 CSV
9669865402,2021-04-12,2021-04-12 18:05:20 CSV
9824944558,2021-04-12,2021-04-12 18:05:20 CSV
7971632928,2021-04-12,2021-04-12 18:05:20 CSV
9824565667,2021-04-12,2021-04-12 18:05:20 CSV
6168958432,2021-04-12,2021-04-12 18:05:20 CSV
4223847663,2021-04-12,2021-04-12 18:05:20 CSV
8925374243,2021-04-12,2021-04-12 18:05:20 CSV
3919655518,2021-04-12,2021-04-12 18:05:20 CSV
8570154371,2021-04-12,2021-04-12 18:05:20 CSV
8268937712,2021-04-12,2021-04-12 18:05:20 CSV
6723818123,2021-04-12,2021-04-12 18:05:20 CSV
5924205908,2021-04-12,2021-04-12 18:05:20 CSV
7418888529








