PONumber,Date Submitted,ASN Done,ASN Date Submitted,Order Date

Date Submitted,ASN Done?,ASN Date Submitted,Order Date
5/3/2021 12:50:56 PM,Yes,05/05/2021 05:29:16 PM,2021-05-03
8925374788,5/3/2021 12:44:58 PM,Yes,05/05/2021 05:32:02 PM,2021-05-03
5669217128,5/3/2021 12:44:57 PM,Yes,05/05/2021 05:33:52 PM,2021-05-03
8326303761,5/3/2021 12:44:56 PM,Yes,05/05/2021 05:36:58 PM,2021-05-03
7971633449,5/3/2021 12:44:55 PM,Yes,05/05/2021 05:38:52 PM,2021-05-03
5924206506,5/3/2021 12:44:54 PM,Yes,05/05/2021 05:42:36 PM,2021-05-03
2769606330,5/3/2021 12:41:50 PM,Yes,05/05/2021 05:51:33 PM,2021-05-03
6168959105,5/3/2021 12:41:49 PM,Yes,05/05/2021 05:55:35 PM,2021-05-03
7418889215,5/3/2021 12:41:48 PM,Yes,05/05/2021 05:59:50 PM,2021-05-03
2421543933,5/3/2021 12:41:47 PM,Yes,05/05/2021 06:02:41 PM,2021-05-03
3769626222,5/3/2021 12:41:46 PM,Yes,05/05/2021 06:04:57 PM,2021-05-03
5871433460,4/26/2021 1:16:37 PM, , ,2021-04-26
5871433295,4/26/2021 1:12:12 PM, , ,2021-04-26
8326303586,4/26/2021 1:12:11 PM, , ,2021-04-26
5669216926,4/26/2021 1:12:10 PM,Yes,04/28/2021 06:15:34 PM,2021-04-26
7719197180,4/26/2021 1:12:08 PM, , ,2021-04-26
9824944945,4/26/2021 1:12:07 PM, , ,2021-04-26
7971633284,4/26/2021 1:12:06 PM,Yes,04/28/2021 06:08:01 PM,2021-04-26
9669865798,4/26/2021 1:12:05 PM, , ,2021-04-26
4223848088,4/26/2021 1:12:04 PM, , ,2021-04-26
6168958876,4/26/2021 1:12:03 PM,Yes,04/28/2021 06:09:08 PM,2021-04-26
6270095235,4/26/2021 1:12:01 PM, , ,2021-04-26
5924206314,4/26/2021 1:12:00 PM,Yes,04/28/2021 06:14:14 PM,2021-04-26
2469246176,4/26/2021 1:11:59 PM,Yes,04/28/2021 06:20:10 PM,2021-04-26
8570154753,4/26/2021 1:11:58 PM, , ,2021-04-26
2769606119,4/26/2021 1:11:57 PM, , ,2021-04-26
8925374589,4/26/2021 1:11:56 PM, , ,2021-04-26
5869865630,4/26/2021 1:11:55 PM,Yes,04/28/2021 06:22:30 PM,2021-04-26
7870154586,4/26/2021 1:11:54 PM, , ,2021-04-26
6723818597,4/26/2021 1:11:53 PM, , ,2021-04-26
3770075623,4/26/2021 1:11:52 PM, , ,2021-04-26
6970474910,4/26/2021 1:11:51 PM, , ,2021-04-26
7418888998,4/26/2021 1:11:49 PM,Yes,04/28/2021 06:23:34 PM,2021-04-26
9824566062,4/26/2021 1:11:48 PM,Yes,04/28/2021 06:25:41 PM,2021-04-26
3919655922,4/26/2021 1:11:47 PM, , ,2021-04-26
1420774486,4/26/2021 1:11:46 PM, , ,2021-04-26
9823639177,4/26/2021 1:11:45 PM, , ,2021-04-26
8268938150,4/26/2021 1:11:44 PM,Yes,04/28/2021 06:28:05 PM,2021-04-26
6820664676,4/26/2021 1:11:43 PM,Yes,04/28/2021 06:29:25 PM,2021-04-26
7369056877,4/26/2021 1:11:42 PM,Yes,04/28/2021 06:31:53 PM,2021-04-26
6470904348,4/26/2021 1:11:40 PM, , ,2021-04-26
2369236759,4/26/2021 1:11:39 PM, , ,2021-04-26
6970094698,4/26/2021 1:11:38 PM, , ,2021-04-26
6319226576,4/26/2021 1:11:36 PM, , ,2021-04-26
3769626036,4/26/2021 1:11:33 PM, , ,2021-04-26
6469226346,4/26/2021 1:10:28 PM, , ,2021-04-26
4870055575,4/26/2021 1:10:13 PM, , ,2021-04-26
2169167467,4/26/2021 1:09:57 PM, , ,2021-04-26
4269625946,4/26/2021 1:09:46 PM, , ,2021-04-26
2421543762,4/26/2021 1:09:37 PM,Yes,04/28/2021 06:33:44 PM,2021-04-26
6122402425,4/26/2021 1:09:29 PM, , ,2021-04-26
4669596009,4/26/2021 1:09:16 PM,Yes,04/28/2021 06:38:12 PM,2021-04-26
9868849279,4/26/2021 1:09:05 PM, , ,2021-04-26
8271633310,4/19/2021 2:46:35 PM, , ,2021-04-19
5871433136,4/19/2021 2:44:53 PM, , ,2021-04-19
9824944763,4/19/2021 2:44:52 PM, , ,2021-04-19
9823638957,4/19/2021 2:44:51 PM, , ,2021-04-19
9824565867,4/19/2021 2:44:50 PM, , ,2021-04-19
9868849062,4/19/2021 2:43:17 PM, , ,2021-04-19
7719196978,4/19/2021 2:43:14 PM, , ,2021-04-19
5669216705,4/19/2021 2:43:12 PM, , ,2021-04-19
8326303407,4/19/2021 2:43:10 PM, , ,2021-04-19
7971633115,4/19/2021 2:43:07 PM, , ,2021-04-19
4223847880,4/19/2021 2:43:05 PM, , ,2021-04-19
9669865604,4/19/2021 2:43:03 PM, , ,2021-04-19
2769605913,4/19/2021 2:43:00 PM, , ,2021-04-19
7369056689,4/19/2021 2:42:58 PM, , ,2021-04-19
2469245969,4/19/2021 2:42:55 PM, , ,2021-04-19
3919655711,4/19/2021 2:42:52 PM, , ,2021-04-19
3770075420,4/19/2021 2:42:49 PM, , ,2021-04-19
6970474708,4/19/2021 2:42:44 PM, , ,2021-04-19
7418888767,4/19/2021 2:42:40 PM, , ,2021-04-19
8570154564,4/19/2021 2:42:38 PM, , ,2021-04-19
6168958667,4/19/2021 2:42:34 PM, , ,2021-04-19
7870154383,4/19/2021 2:42:30 PM, , ,2021-04-19
6820664489,4/19/2021 2:42:28 PM, , ,2021-04-19
1420774299,4/19/2021 2:42:25 PM, , ,2021-04-19
8268937924,4/19/2021 2:42:20 PM, , ,2021-04-19
6723818360,4/19/2021 2:42:17 PM, , ,2021-04-19
5924206119,4/19/2021 2:42:12 PM, , ,2021-04-19
6270095031,4/19/2021 2:42:09 PM, , ,2021-04-19
6970094501,4/19/2021 2:42:07 PM, , ,2021-04-19
8925374416,4/19/2021 2:42:02 PM, , ,2021-04-19
6319226378,4/19/2021 2:41:58 PM, , ,2021-04-19
4870055370,4/19/2021 2:41:53 PM, , ,2021-04-19
3769625831,4/19/2021 2:41:49 PM, , ,2021-04-19
4669595817,4/19/2021 2:41:45 PM, , ,2021-04-19
6469226143,4/19/2021 2:41:41 PM, , ,2021-04-19
2169167253,4/19/2021 2:41:38 PM, , ,2021-04-19
4269625736,4/19/2021 2:41:32 PM, , ,2021-04-19
6470904156,4/19/2021 2:36:08 PM, , ,2021-04-19
2421543575,4/19/2021 2:36:06 PM, , ,2021-04-19
6122402262,4/19/2021 2:36:04 PM, , ,2021-04-19
8271633140,4/19/2021 2:09:34 PM, , ,2021-04-19
2369236549,4/12/2021 12:52:26 PM,Yes,04/13/2021 06:33:16 PM,2021-04-12
7719196766,4/12/2021 12:52:24 PM,Yes,04/13/2021 06:34:25 PM,2021-04-12
8326303206,4/12/2021 12:52:23 PM,Yes,04/13/2021 06:36:32 PM,2021-04-12
5669216509,4/12/2021 12:52:21 PM,Yes,04/13/2021 06:38:13 PM,2021-04-12
5869865222,4/12/2021 12:52:20 PM,Yes,04/13/2021 06:39:42 PM,2021-04-12
9669865402,4/12/2021 12:52:19 PM,Yes,04/13/2021 06:40:41 PM,2021-04-12
9824944558




PONumber,Date Submitted,ASN Done,ASN Date Submitted,Order Date

Date Submitted,ASN Done?,ASN Date Submitted,Order Date
4/12/2021 12:52:18 PM,Yes,04/13/2021 06:41:51 PM,2021-04-12
7971632928,4/12/2021 12:52:16 PM,Yes,04/13/2021 06:43:29 PM,2021-04-12
9824565667,4/12/2021 12:52:15 PM,Yes,04/13/2021 06:45:09 PM,2021-04-12
6168958432,4/12/2021 12:52:14 PM,Yes,04/13/2021 06:46:22 PM,2021-04-12
4223847663,4/12/2021 12:52:13 PM,Yes,04/13/2021 06:53:47 PM,2021-04-12
8925374243,4/12/2021 12:52:12 PM,Yes,04/13/2021 06:55:03 PM,2021-04-12
3919655518,4/12/2021 12:52:11 PM,Yes,04/13/2021 07:01:13 PM,2021-04-12
8570154371,4/12/2021 12:52:10 PM,Yes,04/13/2021 07:03:20 PM,2021-04-12
8268937712,4/12/2021 12:52:09 PM,Yes,04/13/2021 07:04:24 PM,2021-04-12
6723818123,4/12/2021 12:52:07 PM,Yes,04/13/2021 07:05:53 PM,2021-04-12
5924205908,4/12/2021 12:52:06 PM,Yes,04/13/2021 07:07:28 PM,2021-04-12
7418888529,4/12/2021 12:52:05 PM,Yes,04/13/2021 07:08:38 PM,2021-04-12
2769605690,4/12/2021 12:52:03 PM,Yes,04/13/2021 07:09:43 PM,2021-04-12
3770075196,4/12/2021 12:52:02 PM,Yes,04/13/2021 07:11:26 PM,2021-04-12
7870154166,4/12/2021 12:52:00 PM,Yes,04/14/2021 04:16:12 PM,2021-04-12
7369056473,4/12/2021 12:51:59 PM,Yes,04/14/2021 04:17:22 PM,2021-04-12
6970474513,4/12/2021 12:51:58 PM,Yes,04/14/2021 04:18:17 PM,2021-04-12
6270094817,4/12/2021 12:51:57 PM,Yes,04/14/2021 04:19:23 PM,2021-04-12
6820664284,4/12/2021 12:51:56 PM,Yes,04/14/2021 04:20:26 PM,2021-04-12
6470903967,4/12/2021 12:51:55 PM,Yes,04/14/2021 04:21:28 PM,2021-04-12
6970094296,4/12/2021 12:51:53 PM,Yes,04/14/2021 04:23:00 PM,2021-04-12
6319226180,4/12/2021 12:51:52 PM,Yes,04/14/2021 04:24:10 PM,2021-04-12
4870055153,4/12/2021 12:51:51 PM,Yes,04/14/2021 04:27:12 PM,2021-04-12
5871432980,4/12/2021 12:51:50 PM,Yes,04/14/2021 04:28:59 PM,2021-04-12
6469225911,4/12/2021 12:51:49 PM,Yes,04/14/2021 06:00:19 PM,2021-04-12
4669595606,4/12/2021 12:51:48 PM,Yes,04/14/2021 06:01:17 PM,2021-04-12
3769625622,4/12/2021 12:51:47 PM,Yes,04/14/2021 06:02:13 PM,2021-04-12
2421543366,4/12/2021 12:51:46 PM,Yes,04/14/2021 06:03:09 PM,2021-04-12
6122402069,4/12/2021 12:51:44 PM,Yes,04/14/2021 06:04:20 PM,2021-04-12
8271632958,4/12/2021 12:51:43 PM,Yes,04/14/2021 06:11:09 PM,2021-04-12
4269625534,4/12/2021 12:51:42 PM,Yes,04/14/2021 06:12:06 PM,2021-04-12
9868848823,4/12/2021 12:45:16 PM,Yes,04/14/2021 06:13:23 PM,2021-04-12
1420774098,4/12/2021 12:45:12 PM,Yes,04/14/2021 06:14:43 PM,2021-04-12
2369236330,4/12/2021 12:45:06 PM,Yes,04/14/2021 06:15:55 PM,2021-04-12
2169167028,4/5/2021 12:42:05 PM,Yes,04/06/2021 07:14:39 PM,2021-04-05
9823638514,4/5/2021 12:42:02 PM,Yes,04/06/2021 07:19:09 PM,2021-04-05
7719196555,4/5/2021 12:42:00 PM,Yes,04/06/2021 07:20:27 PM,2021-04-05
8326303011,4/5/2021 12:41:58 PM,Yes,04/06/2021 07:21:51 PM,2021-04-05
7971632761,4/5/2021 12:41:57 PM,Yes,04/06/2021 07:23:09 PM,2021-04-05
9824944371,4/5/2021 12:41:56 PM,Yes,04/06/2021 07:25:45 PM,2021-04-05
9669865202,4/5/2021 12:41:55 PM,Yes,04/06/2021 07:29:52 PM,2021-04-05
7870153984,4/5/2021 12:41:54 PM,Yes,04/06/2021 07:32:27 PM,2021-04-05
7418888313,4/5/2021 12:41:53 PM,Yes,04/06/2021 07:33:52 PM,2021-04-05
8268937498,4/5/2021 12:41:52 PM,Yes,04/06/2021 07:35:06 PM,2021-04-05
8570154184,4/5/2021 12:41:50 PM,Yes,04/06/2021 07:40:34 PM,2021-04-05
9824565463,4/5/2021 12:41:49 PM,Yes,04/06/2021 07:41:35 PM,2021-04-05
8925374066,4/5/2021 12:41:46 PM,Yes,04/06/2021 07:43:07 PM,2021-04-05
8271632776,4/5/2021 12:41:45 PM,Yes,04/06/2021 07:45:00 PM,2021-04-05
9868848605,4/5/2021 12:37:58 PM,Yes,04/06/2021 07:46:23 PM,2021-04-05
7369056312,4/5/2021 12:37:40 PM,Yes,04/06/2021 07:47:47 PM,2021-04-05
2169166803,4/5/2021 12:37:38 PM,Yes,04/06/2021 07:49:48 PM,2021-04-05
5669216303,4/5/2021 12:37:36 PM,Yes,04/06/2021 07:51:33 PM,2021-04-05
5869865029,4/5/2021 12:37:35 PM,Yes,04/06/2021 07:53:59 PM,2021-04-05
4223847445,4/5/2021 12:37:33 PM,Yes,04/06/2021 07:55:55 PM,2021-04-05
2469245553,4/5/2021 12:37:31 PM,Yes,04/06/2021 08:04:26 PM,2021-04-05
6723817889,4/5/2021 12:37:30 PM,Yes,04/06/2021 08:06:38 PM,2021-04-05
6970474302,4/5/2021 12:37:28 PM,Yes,04/06/2021 08:08:25 PM,2021-04-05
3770074998,4/5/2021 12:37:26 PM,Yes,04/06/2021 08:10:02 PM,2021-04-05
3919655302,4/5/2021 12:37:25 PM,Yes,04/06/2021 08:11:45 PM,2021-04-05
1420773910,4/5/2021 12:37:22 PM,Yes,04/06/2021 08:12:43 PM,2021-04-05
6270094624,4/5/2021 12:37:21 PM,Yes,04/06/2021 08:14:09 PM,2021-04-05
5924205698,4/5/2021 12:37:19 PM,Yes,04/06/2021 08:16:50 PM,2021-04-05
6970094095,4/5/2021 12:37:17 PM,Yes,04/06/2021 08:18:12 PM,2021-04-05
2369236132,4/5/2021 12:37:15 PM,Yes,04/06/2021 08:19:37 PM,2021-04-05
4870054952,4/5/2021 12:37:14 PM,Yes,04/06/2021 08:21:07 PM,2021-04-05
6820664099,4/5/2021 12:37:12 PM,Yes,04/07/2021 05:59:21 PM,2021-04-05
3769625415,4/5/2021 12:37:10 PM,Yes,04/07/2021 06:00:53 PM,2021-04-05
6470903769,4/5/2021 12:37:09 PM,Yes,04/07/2021 06:02:36 PM,2021-04-05
4269625328,4/5/2021 12:37:07 PM,Yes,04/07/2021 06:03:36 PM,2021-04-05
6168958211,4/5/2021 12:37:05 PM,Yes,04/07/2021 06:04:59 PM,2021-04-05
2421543177,4/5/2021 12:37:03 PM,Yes,04/07/2021 06:06:03 PM,2021-04-05
6319225985,4/5/2021 12:37:01 PM,Yes,04/07/2021 06:07:22 PM,2021-04-05
6469225700,4/5/2021 12:37:00 PM,Yes,04/07/2021 06:08:33 PM,2021-04-05
5871432821,4/5/2021 12:36:57 PM,Yes,04/07/2021 06:09:43 PM,2021-04-05
6122401899,4/5/2021 12:15:16 PM,Yes,04/07/2021 06:12:09 PM,2021-04-05
2769605486,4/5/2021 11:35:08 AM,Yes,04/07/2021 06:13:37 PM,2021-04-05
4669595403,3/29/2021 12:59:17 PM,Yes,03/30/2021 06:26:17 PM,2021-03-29
9823638303,3/29/2021 12:59:16 PM,Yes,03/30/2021 06:27:31 PM,2021-03-29
7719196357,3/29/2021 12:59:15 PM,Yes,03/30/2021 06:28:59 PM,2021-03-29
8326302843,3/29/2021 12:59:14 PM,Yes,03/30/2021 06:30:14 PM,2021-03-29
5669216098,3/29/2021 12:59:13 PM,Yes,03/30/2021 06:32:34 PM,2021-03-29
4223847231,3/29/2021 12:59:12 PM,Yes,03/30/2021 06:33:48 PM,2021-03-29
9824944184,3/29/2021 12:59:10 PM,Yes,03/30/2021 06:35:43 PM,2021-03-29
2469245360,3/29/2021 12:59:09 PM,Yes,03/30/2021 06:37:12 PM,2021-03-29
6270094423,3/29/2021 12:59:08 PM,Yes,03/30/2021 06:38:16 PM,2021-03-29
5869864827,3/29/2021 12:59:07 PM,Yes,03/30/2021 06:41:01 PM,2021-03-29
7418888095,3/29/2021 12:59:06 PM,Yes,03/30/2021 06:48:53 PM,2021-03-29
3770074791,3/29/2021 12:59:05 PM,Yes,03/30/2021 06:50:16 PM,2021-03-29
2769605279,3/29/2021 12:59:03 PM,Yes,03/30/2021 06:51:23 PM,2021-03-29
5924205503,3/29/2021 12:59:02 PM,Yes,03/30/2021 06:52:25 PM,2021-03-29
9824565255,3/29/2021 12:59:01 PM,Yes,03/30/2021 06:53:44 PM,2021-03-29
6723817653,3/29/2021 12:59:00 PM,Yes,03/30/2021 06:55:06 PM,2021-03-29
6470903591,3/29/2021 12:58:59 PM,Yes,03/30/2021 07:21:12 PM,2021-03-29
6970093908,3/29/2021 12:58:58 PM,Yes,03/30/2021 07:22:14 PM,2021-03-29
7870153779,3/29/2021 12:58:57 PM,Yes,03/30/2021 07:23:51 PM,2021-03-29
8268937269,3/29/2021 12:58:56 PM,Yes,03/30/2021 07:25:19 PM,2021-03-29
6970474104,3/29/2021 12:58:55 PM,Yes,03/30/2021 07:26:21 PM,2021-03-29
1420773713,3/29/2021 12:58:54 PM,Yes,03/30/2021 07:38:36 PM,2021-03-29
3769625212,3/29/2021 12:58:53 PM,Yes,03/30/2021 07:41:26 PM,2021-03-29
4669595209,3/29/2021 12:58:51 PM,Yes,03/30/2021 07:42:47 PM,2021-03-29
6469225492




PONumber,Date Submitted,ASN Done,ASN Date Submitted,Order Date

Date Submitted,ASN Done?,ASN Date Submitted,Order Date
3/29/2021 12:58:40 PM,Yes,03/30/2021 07:44:06 PM,2021-03-29
2369235940,3/29/2021 12:58:33 PM,Yes,03/30/2021 07:45:21 PM,2021-03-29
2169166590,3/29/2021 12:58:26 PM,Yes,03/30/2021 07:46:28 PM,2021-03-29
5871432659,3/29/2021 12:58:18 PM,Yes,03/30/2021 07:47:50 PM,2021-03-29
4870054758,3/29/2021 12:58:13 PM,Yes,03/30/2021 07:48:55 PM,2021-03-29
2421542992,3/29/2021 12:58:12 PM,Yes,03/30/2021 07:50:33 PM,2021-03-29
9868848391,3/29/2021 12:58:11 PM,Yes,03/30/2021 07:51:53 PM,2021-03-29
4269625143,3/29/2021 12:58:10 PM,Yes,03/30/2021 07:52:45 PM,2021-03-29
6122401736,3/22/2021 12:47:47 PM,Yes,03/24/2021 06:43:58 PM,2021-03-22
7369055950,3/22/2021 12:47:40 PM,Yes,03/24/2021 06:44:51 PM,2021-03-22
7719196150,3/22/2021 12:47:39 PM,Yes,03/24/2021 06:45:58 PM,2021-03-22
8326302669,3/22/2021 12:47:38 PM,Yes,03/24/2021 06:47:19 PM,2021-03-22
7971632408,3/22/2021 12:47:37 PM,Yes,03/24/2021 06:48:29 PM,2021-03-22
9824944006,3/22/2021 12:47:36 PM,Yes,03/24/2021 06:56:01 PM,2021-03-22
8570153832,3/22/2021 12:47:35 PM,Yes,03/24/2021 06:57:30 PM,2021-03-22
9824565038,3/22/2021 12:47:34 PM,Yes,03/24/2021 07:00:47 PM,2021-03-22
8925373724,3/22/2021 12:47:33 PM,Yes,03/24/2021 07:01:52 PM,2021-03-22
9669864807,3/22/2021 12:47:32 PM,Yes,03/24/2021 07:03:19 PM,2021-03-22
8268937064,3/22/2021 12:47:31 PM,Yes,03/24/2021 07:43:20 PM,2021-03-22
7418887899,3/22/2021 12:47:30 PM,Yes,03/24/2021 07:44:34 PM,2021-03-22
7870153596,3/22/2021 12:47:29 PM,Yes,03/24/2021 07:46:25 PM,2021-03-22
6970093719,3/22/2021 12:47:28 PM,Yes,03/24/2021 07:47:15 PM,2021-03-22
9823638111,3/22/2021 12:47:27 PM,Yes,03/24/2021 07:48:28 PM,2021-03-22
8271632436,3/22/2021 12:47:25 PM,Yes,03/24/2021 07:50:51 PM,2021-03-22
9868848190,3/22/2021 12:44:34 PM,Yes,03/24/2021 07:55:10 PM,2021-03-22
6723817423,3/22/2021 12:44:31 PM,Yes,03/24/2021 07:56:41 PM,2021-03-22
6168957805,3/22/2021 12:44:28 PM,Yes,03/24/2021 07:58:08 PM,2021-03-22
5869864630,3/22/2021 12:44:25 PM,Yes,03/24/2021 07:59:14 PM,2021-03-22
4223847030,3/22/2021 12:44:23 PM,Yes,03/24/2021 08:30:17 PM,2021-03-22
6820663708,3/22/2021 12:44:20 PM,Yes,03/24/2021 08:32:24 PM,2021-03-22
3919654922,3/22/2021 12:44:16 PM,Yes,03/24/2021 08:33:31 PM,2021-03-22
2769605080,3/22/2021 12:44:13 PM,Yes,03/24/2021 08:34:40 PM,2021-03-22
2469245168,3/22/2021 12:44:10 PM,Yes,03/24/2021 08:36:33 PM,2021-03-22
6319225623,3/22/2021 12:44:06 PM,Yes,03/24/2021 08:37:36 PM,2021-03-22
3770074607,3/22/2021 12:44:03 PM,Yes,03/24/2021 08:38:49 PM,2021-03-22
3769625013,3/22/2021 12:44:01 PM,Yes,03/24/2021 08:41:16 PM,2021-03-22
4269624946,3/22/2021 12:43:57 PM,Yes,03/24/2021 08:42:05 PM,2021-03-22
6469225295,3/22/2021 12:43:54 PM,Yes,03/24/2021 08:43:23 PM,2021-03-22
4669595012,3/22/2021 12:43:51 PM,Yes,03/24/2021 08:44:25 PM,2021-03-22
2169166370,3/22/2021 12:43:49 PM,Yes,03/24/2021 08:45:25 PM,2021-03-22
6122401577,3/22/2021 12:43:48 PM,Yes,03/24/2021 08:46:16 PM,2021-03-22
2421542810,3/15/2021 12:18:17 PM,Yes,03/16/2021 05:37:24 PM,2021-03-15
7369055749,3/15/2021 12:18:10 PM,Yes,03/16/2021 05:42:02 PM,2021-03-15
7719195942,3/15/2021 12:18:06 PM,Yes,03/16/2021 05:43:02 PM,2021-03-15
8326302480,3/15/2021 12:18:03 PM,Yes,03/16/2021 05:44:39 PM,2021-03-15
5669215709,3/15/2021 12:17:59 PM,Yes,03/16/2021 05:47:05 PM,2021-03-15
5869864428,3/15/2021 12:17:56 PM,Yes,03/16/2021 05:49:19 PM,2021-03-15
7971632230,3/15/2021 12:17:53 PM,Yes,03/16/2021 05:51:21 PM,2021-03-15
4223846808,3/15/2021 12:17:49 PM,Yes,03/16/2021 05:53:13 PM,2021-03-15
7418887659,3/15/2021 12:17:46 PM,Yes,03/16/2021 05:56:17 PM,2021-03-15
6723817195,3/15/2021 12:17:43 PM,Yes,03/16/2021 05:58:57 PM,2021-03-15
5924205095,3/15/2021 12:17:40 PM,Yes,03/16/2021 06:32:40 PM,2021-03-15
8570153639,3/15/2021 12:17:36 PM,Yes,03/16/2021 06:36:26 PM,2021-03-15
7870153398,3/15/2021 12:17:32 PM,Yes,03/16/2021 06:37:51 PM,2021-03-15
6970093530,3/15/2021 12:17:30 PM,Yes,03/16/2021 06:38:59 PM,2021-03-15
5871432349,3/15/2021 12:17:26 PM,Yes,03/16/2021 06:48:37 PM,2021-03-15
8268936844,3/15/2021 12:17:22 PM,Yes,03/16/2021 06:50:26 PM,2021-03-15
4269624750,3/15/2021 12:17:19 PM,Yes,03/16/2021 06:52:57 PM,2021-03-15
6122401389,3/15/2021 12:17:16 PM,Yes,03/16/2021 06:54:02 PM,2021-03-15
8271632245,3/15/2021 12:17:12 PM,Yes,03/16/2021 06:56:38 PM,2021-03-15
9868847965,3/15/2021 12:14:53 PM,Yes,03/16/2021 06:56:31 PM,2021-03-15
3770074407,3/15/2021 12:14:42 PM,Yes,03/16/2021 07:13:14 PM,2021-03-15
3919654704,3/15/2021 12:14:39 PM,Yes,03/16/2021 07:20:53 PM,2021-03-15
2469244959,3/15/2021 12:14:35 PM,Yes,03/16/2021 07:21:50 PM,2021-03-15
2421542616,3/15/2021 11:46:34 AM,Yes,03/16/2021 07:26:54 PM,2021-03-15
6168957591,3/15/2021 11:46:15 AM,Yes,03/16/2021 07:31:53 PM,2021-03-15
9669864613,3/15/2021 11:46:11 AM,Yes,03/16/2021 07:39:58 PM,2021-03-15
8925373526,3/15/2021 11:46:09 AM,Yes,03/16/2021 07:40:51 PM,2021-03-15
2769604882,3/15/2021 11:46:03 AM,Yes,03/16/2021 07:41:51 PM,2021-03-15
6820663520,3/15/2021 11:45:59 AM,Yes,03/16/2021 07:56:13 PM,2021-03-15
6470903197,3/15/2021 11:45:56 AM,Yes,03/16/2021 08:01:50 PM,2021-03-15
9823637894,3/15/2021 11:45:51 AM,Yes,03/16/2021 08:04:15 PM,2021-03-15
1420773341,3/15/2021 11:45:47 AM,Yes,03/16/2021 08:05:32 PM,2021-03-15
2369235538,3/15/2021 11:45:44 AM,Yes,03/16/2021 08:09:28 PM,2021-03-15
6319225429,3/15/2021 11:45:35 AM,Yes,03/16/2021 08:11:32 PM,2021-03-15
4669594799,3/15/2021 11:45:33 AM,Yes,03/16/2021 08:12:43 PM,2021-03-15
4870054366,3/8/2021 12:55:37 PM,Yes,03/09/2021 06:01:06 PM,2021-03-08
2469244754,3/8/2021 12:53:40 PM,Yes,03/09/2021 05:36:21 PM,2021-03-08
2369235345,3/8/2021 12:53:36 PM,Yes,03/09/2021 05:39:18 PM,2021-03-08
2421542414,3/8/2021 12:45:27 PM,Yes,03/09/2021 05:42:25 PM,2021-03-08
5669215498,3/8/2021 12:45:25 PM,Yes,03/09/2021 05:44:14 PM,2021-03-08
7719195738,3/8/2021 12:45:24 PM,Yes,03/09/2021 05:51:59 PM,2021-03-08
9824943615,3/8/2021 12:45:23 PM,Yes,03/09/2021 05:53:24 PM,2021-03-08
7971632067,3/8/2021 12:45:22 PM,Yes,03/09/2021 05:54:51 PM,2021-03-08
5869864232,3/8/2021 12:45:21 PM,Yes,03/09/2021 05:57:38 PM,2021-03-08
8326302290,3/8/2021 12:45:19 PM,Yes,03/09/2021 05:59:04 PM,2021-03-08
4223846570,3/8/2021 12:45:18 PM,Yes,03/09/2021 06:09:44 PM,2021-03-08
5924204889,3/8/2021 12:45:17 PM,Yes,03/09/2021 06:11:30 PM,2021-03-08
8925373326,3/8/2021 12:45:16 PM,Yes,03/09/2021 06:13:10 PM,2021-03-08
3770074207,3/8/2021 12:45:14 PM,Yes,03/09/2021 06:14:30 PM,2021-03-08
8268936617,3/8/2021 12:45:13 PM,Yes,03/09/2021 06:15:58 PM,2021-03-08
6970473493,3/8/2021 12:45:12 PM,Yes,03/09/2021 06:16:56 PM,2021-03-08
7870153199,3/8/2021 12:45:11 PM,Yes,03/09/2021 06:18:04 PM,2021-03-08
4669594601,3/8/2021 12:45:09 PM,Yes,03/09/2021 06:20:17 PM,2021-03-08
8271632081,3/8/2021 12:45:08 PM,Yes,03/09/2021 06:21:15 PM,2021-03-08
9868847760,3/1/2021 12:52:02 PM,Yes,03/02/2021 04:11:20 PM,2021-03-01
7369055365,3/1/2021 12:52:01 PM,Yes,03/02/2021 03:51:23 PM,2021-03-01
6723816698,3/1/2021 12:51:57 PM,Yes,03/02/2021 03:56:49 PM,2021-03-01
7719195540,3/1/2021 12:51:55 PM,Yes,03/02/2021 03:58:23 PM,2021-03-01
8326302108,3/1/2021 12:51:54 PM,Yes,03/02/2021 04:00:02 PM,2021-03-01
9824943443




PONumber,Date Submitted,ASN Done,ASN Date Submitted,Order Date

Date Submitted,ASN Done?,ASN Date Submitted,Order Date
3/1/2021 12:51:53 PM,Yes,03/02/2021 04:01:07 PM,2021-03-01
7971631894,3/1/2021 12:51:52 PM,Yes,03/02/2021 04:02:50 PM,2021-03-01
7418887208,3/1/2021 12:51:51 PM,Yes,03/02/2021 04:04:21 PM,2021-03-01
8570153293,3/1/2021 12:51:50 PM,Yes,03/02/2021 04:07:19 PM,2021-03-01
7870153014,3/1/2021 12:51:49 PM,Yes,03/02/2021 04:08:56 PM,2021-03-01
6970473291,3/1/2021 12:51:48 PM,Yes,03/02/2021 05:41:38 PM,2021-03-01
8925373141,3/1/2021 12:51:47 PM,Yes,03/02/2021 05:44:02 PM,2021-03-01
6470902815,3/1/2021 12:51:46 PM,Yes,03/02/2021 05:45:32 PM,2021-03-01
9824564426,3/1/2021 12:51:45 PM,Yes,03/02/2021 05:50:42 PM,2021-03-01
8268936405,3/1/2021 12:51:44 PM,Yes,03/02/2021 05:57:05 PM,2021-03-01
6820663139,3/1/2021 12:51:43 PM,Yes,03/02/2021 05:59:16 PM,2021-03-01
6970093146,3/1/2021 12:51:41 PM,Yes,03/02/2021 06:00:43 PM,2021-03-01
6469224702,3/1/2021 12:51:40 PM,Yes,03/02/2021 06:08:13 PM,2021-03-01
6319225031,3/1/2021 12:51:39 PM,Yes,03/02/2021 06:09:55 PM,2021-03-01
9868847546,3/1/2021 12:51:38 PM,Yes,03/02/2021 06:11:54 PM,2021-03-01
8271631902,3/1/2021 12:45:26 PM,Yes,03/02/2021 06:31:51 PM,2021-03-01
5669215298,3/1/2021 12:45:25 PM,Yes,03/02/2021 06:35:10 PM,2021-03-01
4223846351,3/1/2021 12:45:24 PM,Yes,03/02/2021 06:56:41 PM,2021-03-01
6168957147,3/1/2021 12:45:23 PM,Yes,03/02/2021 06:41:25 PM,2021-03-01
6270093654,3/1/2021 12:45:22 PM,Yes,03/02/2021 06:44:06 PM,2021-03-01
2769604483,3/1/2021 12:45:21 PM,Yes,03/02/2021 06:49:01 PM,2021-03-01
3919654295,3/1/2021 12:45:20 PM,Yes,03/02/2021 06:51:44 PM,2021-03-01
2469244549,3/1/2021 12:45:19 PM,Yes,03/02/2021 06:53:01 PM,2021-03-01
5924204696,3/1/2021 12:45:18 PM,Yes,03/02/2021 06:54:24 PM,2021-03-01
3770073989,3/1/2021 12:45:17 PM,Yes,03/02/2021 06:56:01 PM,2021-03-01
4870053960,3/1/2021 12:45:16 PM,Yes,03/02/2021 07:03:00 PM,2021-03-01
3769624407,3/1/2021 12:45:15 PM,Yes,03/02/2021 07:04:12 PM,2021-03-01
1420772941,3/1/2021 12:45:14 PM,Yes,03/02/2021 07:05:40 PM,2021-03-01
2169165688,3/1/2021 12:45:13 PM,Yes,03/02/2021 07:07:05 PM,2021-03-01
5871432015,3/1/2021 12:45:11 PM,Yes,03/02/2021 07:08:02 PM,2021-03-01
2369235152,3/1/2021 12:45:10 PM,Yes,03/02/2021 07:09:04 PM,2021-03-01
4669594400,3/1/2021 12:45:06 PM,Yes,03/02/2021 07:09:59 PM,2021-03-01
4269624365,3/1/2021 12:45:05 PM,Yes,03/02/2021 07:11:55 PM,2021-03-01
6122401054,3/1/2021 12:45:04 PM,Yes,03/02/2021 07:12:41 PM,2021-03-01
2421542241,3/1/2021 12:09:19 PM,Yes,03/02/2021 07:13:55 PM,2021-03-01
9823637440,2/23/2021 6:10:14 PM,Yes,02/24/2021 05:55:14 PM,2021-02-22
6723816469,2/23/2021 6:08:02 PM,Yes,02/24/2021 06:19:22 PM,2021-02-22
9823637208,2/23/2021 5:51:43 PM,Yes,02/24/2021 06:00:07 PM,2021-02-22
9868847320,2/23/2021 4:36:36 PM,Yes,02/24/2021 06:02:46 PM,2021-02-22
8326301932,2/23/2021 4:32:49 PM,Yes,02/24/2021 06:04:13 PM,2021-02-22
7719195344,2/23/2021 4:32:29 PM,Yes,02/24/2021 06:05:25 PM,2021-02-22
5669215091,2/23/2021 4:32:00 PM,Yes,02/24/2021 06:06:55 PM,2021-02-22
7971631723,2/23/2021 4:31:59 PM,Yes,02/24/2021 06:08:00 PM,2021-02-22
9824943254,2/23/2021 4:31:56 PM,Yes,02/24/2021 06:21:33 PM,2021-02-22
7418886975,2/23/2021 4:31:53 PM,Yes,02/24/2021 06:15:06 PM,2021-02-22
8570153117,2/23/2021 4:31:49 PM,Yes,02/24/2021 06:37:38 PM,2021-02-22
6168956939,2/23/2021 4:31:44 PM,Yes,02/24/2021 06:38:59 PM,2021-02-22
9669864020,2/23/2021 4:28:03 PM,Yes,02/24/2021 06:42:07 PM,2021-02-22
6970473102,2/23/2021 4:28:02 PM,Yes,02/24/2021 06:43:44 PM,2021-02-22
6270093463,2/23/2021 4:27:55 PM,Yes,02/24/2021 06:47:16 PM,2021-02-22
8268936204,2/23/2021 4:27:49 PM,Yes,02/24/2021 06:48:54 PM,2021-02-22
6820662943,2/23/2021 4:27:47 PM,Yes,02/24/2021 06:50:10 PM,2021-02-22
5924204493,2/23/2021 4:27:44 PM,Yes,02/24/2021 06:51:57 PM,2021-02-22
6470902628,2/23/2021 4:27:40 PM,Yes,02/24/2021 06:53:38 PM,2021-02-22
9824564217,2/23/2021 4:27:35 PM,Yes,02/24/2021 06:54:51 PM,2021-02-22
7870152834,2/23/2021 4:27:17 PM,Yes,02/24/2021 07:22:19 PM,2021-02-22
6469224502,2/23/2021 4:27:15 PM,Yes,02/24/2021 07:25:15 PM,2021-02-22
6319224849,2/23/2021 4:27:14 PM,Yes,02/24/2021 07:32:42 PM,2021-02-22
6970092941,2/23/2021 4:27:13 PM,Yes,02/24/2021 07:34:35 PM,2021-02-22
4870053772,2/23/2021 4:24:04 PM,Yes,02/24/2021 07:35:58 PM,2021-02-22
7369055167,2/23/2021 4:24:02 PM,Yes,02/24/2021 07:40:04 PM,2021-02-22
8925372947,2/23/2021 4:23:49 PM,Yes,02/24/2021 07:41:07 PM,2021-02-22
5871431858,2/23/2021 4:23:37 PM,Yes,02/24/2021 07:43:42 PM,2021-02-22
8271631730,2/23/2021 4:23:34 PM,Yes,02/24/2021 07:45:08 PM,2021-02-22
6122400890,2/22/2021 1:40:05 PM,Yes,02/22/2021 07:02:34 PM,2021-02-22
4223846133,2/22/2021 1:40:04 PM,Yes,02/22/2021 07:04:47 PM,2021-02-22
2469244346,2/22/2021 1:40:03 PM,Yes,02/22/2021 07:06:43 PM,2021-02-22
2769604284,2/22/2021 1:40:02 PM,Yes,02/22/2021 07:10:59 PM,2021-02-22
3770073792,2/22/2021 1:40:01 PM,Yes,02/22/2021 07:13:10 PM,2021-02-22
1420772742,2/22/2021 1:40:00 PM,Yes,02/22/2021 07:15:20 PM,2021-02-22
3919654100,2/22/2021 1:39:59 PM,Yes,02/22/2021 07:29:01 PM,2021-02-22
2369234965,2/22/2021 1:39:57 PM,Yes,02/22/2021 07:31:49 PM,2021-02-22
3769624201,2/22/2021 1:39:56 PM,Yes,02/22/2021 07:50:41 PM,2021-02-22
4669594194,2/22/2021 1:39:55 PM,Yes,02/22/2021 07:52:48 PM,2021-02-22
2169165474,2/22/2021 1:39:52 PM,Yes,02/22/2021 07:55:39 PM,2021-02-22
4269624175,2/22/2021 1:39:51 PM,Yes,02/22/2021 07:58:33 PM,2021-02-22
2421542060,2/15/2021 12:26:56 PM, , ,2021-02-15
1420772549,2/15/2021 12:13:15 PM, , ,2021-02-15
6168956719,2/15/2021 12:13:13 PM, , ,2021-02-15
9823636994,2/15/2021 12:13:11 PM, , ,2021-02-15
7719195146,2/15/2021 12:13:08 PM, , ,2021-02-15
9824943069,2/15/2021 12:13:05 PM, , ,2021-02-15
6970472922,2/15/2021 12:13:04 PM, , ,2021-02-15
8570152929,2/15/2021 12:13:02 PM, , ,2021-02-15
9824564010,2/15/2021 12:13:00 PM, , ,2021-02-15
8925372769,2/15/2021 12:12:59 PM, , ,2021-02-15
7418886772,2/15/2021 12:12:57 PM, , ,2021-02-15
7369054958,2/15/2021 12:12:56 PM, , ,2021-02-15
6470902446,2/15/2021 12:12:54 PM, , ,2021-02-15
6270093266,2/15/2021 12:12:53 PM, , ,2021-02-15
5924204289,2/15/2021 12:12:51 PM, , ,2021-02-15
8268936002,2/15/2021 12:12:50 PM, , ,2021-02-15
7870152649,2/15/2021 12:12:48 PM, , ,2021-02-15
6970092764,2/15/2021 12:12:47 PM, , ,2021-02-15
5871431703,2/15/2021 12:12:45 PM, , ,2021-02-15
6820662749,2/15/2021 12:12:40 PM, , ,2021-02-15
6319224640,2/15/2021 12:12:38 PM, , ,2021-02-15
6122400722,2/15/2021 12:12:35 PM, , ,2021-02-15
9868847108,2/15/2021 12:12:32 PM, , ,2021-02-15
8271631561,2/15/2021 12:11:06 PM, , ,2021-02-15
5669214880




PONumber,Date Submitted,ASN Done,ASN Date Submitted,Order Date

Date Submitted,ASN Done?,ASN Date Submitted,Order Date
2/15/2021 12:11:05 PM, , ,2021-02-15
4223845922,2/15/2021 12:11:02 PM, , ,2021-02-15
2769604086,2/15/2021 12:11:00 PM, , ,2021-02-15
3770073595,2/15/2021 12:10:59 PM, , ,2021-02-15
3919653906,2/15/2021 12:10:53 PM, , ,2021-02-15
3769623994,2/15/2021 12:08:02 PM, , ,2021-02-15
2169165247,2/15/2021 12:07:58 PM, , ,2021-02-15
2369234759,2/15/2021 12:07:54 PM, , ,2021-02-15
4870053575,2/15/2021 12:07:49 PM, , ,2021-02-15
4669593994,2/15/2021 12:07:46 PM, , ,2021-02-15
2421541870,2/8/2021 12:18:19 PM, , ,2021-02-08
7418886536,2/8/2021 12:18:12 PM, , ,2021-02-08
8570152745,2/8/2021 12:18:00 PM, , ,2021-02-08
6270093083,2/8/2021 12:17:51 PM, , ,2021-02-08
8925372579,2/8/2021 12:17:43 PM, , ,2021-02-08
8326301586,2/8/2021 12:17:32 PM, , ,2021-02-08
9824563815,2/8/2021 12:17:27 PM, , ,2021-02-08
6970472723,2/8/2021 12:17:26 PM, , ,2021-02-08
8268935817,2/8/2021 12:17:24 PM, , ,2021-02-08
7870152467,2/8/2021 12:17:23 PM, , ,2021-02-08
6470902265,2/8/2021 12:17:22 PM, , ,2021-02-08
5924204094,2/8/2021 12:17:21 PM, , ,2021-02-08
2369234553,2/8/2021 12:17:20 PM, , ,2021-02-08
6319224442,2/8/2021 12:17:19 PM, , ,2021-02-08
3769623793,2/8/2021 12:17:18 PM, , ,2021-02-08
4870053373,2/8/2021 12:17:16 PM, , ,2021-02-08
4669593784,2/8/2021 12:17:15 PM, , ,2021-02-08
6469224134,2/8/2021 12:17:14 PM, , ,2021-02-08
2169165034,2/8/2021 12:17:13 PM, , ,2021-02-08
4269623788,2/8/2021 12:17:12 PM, , ,2021-02-08
2421541682,2/8/2021 12:17:11 PM, , ,2021-02-08
8271631372,2/8/2021 12:17:09 PM, , ,2021-02-08
6122400549,2/8/2021 12:17:07 PM, , ,2021-02-08
9868846869,2/8/2021 11:35:34 AM, , ,2021-02-08
4223845690,2/8/2021 11:35:32 AM, , ,2021-02-08
6168956495,2/8/2021 11:35:31 AM, , ,2021-02-08
2769603893,2/8/2021 11:35:29 AM, , ,2021-02-08
3770073394,2/8/2021 11:35:28 AM, , ,2021-02-08
2469243966,2/8/2021 11:35:27 AM, , ,2021-02-08
7971631381,2/8/2021 11:35:26 AM, , ,2021-02-08
3919653712,2/8/2021 11:35:24 AM, , ,2021-02-08
1420772360,2/8/2021 11:35:23 AM, , ,2021-02-08
9823636754,2/8/2021 11:35:22 AM, , ,2021-02-08
6820662557,2/8/2021 11:35:21 AM, , ,2021-02-08
6970092590,2/8/2021 11:35:20 AM, , ,2021-02-08
5871431553,2/1/2021 12:29:35 PM, , ,2021-02-01
6723815825,2/1/2021 12:29:34 PM, , ,2021-02-01
6168956272,2/1/2021 12:29:33 PM, , ,2021-02-01
9823636556,2/1/2021 12:29:32 PM,Yes,02/03/2021 07:55:32 PM,2021-02-01
2169164828,2/1/2021 12:29:31 PM, , ,2021-02-01
2369234370,2/1/2021 12:29:29 PM, , ,2021-02-01
9868846643,2/1/2021 12:29:28 PM, , ,2021-02-01
7719194709,2/1/2021 12:29:27 PM, , ,2021-02-01
5669214489,2/1/2021 12:29:26 PM, , ,2021-02-01
9824942710,2/1/2021 12:29:25 PM,Yes,02/03/2021 07:54:41 PM,2021-02-01
5924203897,2/1/2021 12:29:24 PM, , ,2021-02-01
9669863420,2/1/2021 12:29:23 PM,Yes,02/03/2021 07:57:27 PM,2021-02-01
2469243800,2/1/2021 12:29:22 PM,Yes,02/03/2021 07:59:10 PM,2021-02-01
6270092898,2/1/2021 12:29:18 PM, , ,2021-02-01
3770073196,2/1/2021 12:29:17 PM,Yes,02/03/2021 08:00:30 PM,2021-02-01
6970472530,2/1/2021 12:29:16 PM, , ,2021-02-01
2769603698,2/1/2021 12:29:15 PM,Yes,02/03/2021 08:04:21 PM,2021-02-01
8925372401,2/1/2021 12:29:14 PM,Yes,02/03/2021 08:05:23 PM,2021-02-01
6470902096,2/1/2021 12:29:13 PM, , ,2021-02-01
7369054588,2/1/2021 12:29:12 PM, , ,2021-02-01
3769623590,2/1/2021 12:29:11 PM,Yes,02/03/2021 08:06:19 PM,2021-02-01
4870053185,2/1/2021 12:29:10 PM, , ,2021-02-01
6319224247,2/1/2021 12:29:08 PM, , ,2021-02-01
2421541511,2/1/2021 12:29:07 PM,Yes,02/03/2021 08:07:55 PM,2021-02-01
4269623596,2/1/2021 12:29:06 PM,Yes,02/03/2021 08:08:53 PM,2021-02-01
6122400392,2/1/2021 12:29:06 PM, , ,2021-02-01
8271631193,2/1/2021 11:55:20 AM,Yes,02/03/2021 08:14:14 PM,2021-02-01
4223845463,2/1/2021 11:55:17 AM, , ,2021-02-01
7971631209,2/1/2021 11:55:15 AM, , ,2021-02-01
5869863309,2/1/2021 11:55:14 AM,Yes,02/03/2021 08:15:24 PM,2021-02-01
6820662356,2/1/2021 11:55:13 AM, , ,2021-02-01
1420772174,2/1/2021 11:55:12 AM,Yes,02/03/2021 08:17:15 PM,2021-02-01
7870152297,2/1/2021 11:55:11 AM,Yes,02/03/2021 08:19:18 PM,2021-02-01
6970092423,2/1/2021 11:55:10 AM, , ,2021-02-01
3919653519,2/1/2021 11:55:09 AM,Yes,02/03/2021 08:20:39 PM,2021-02-01
4669593596,1/25/2021 12:43:56 PM,Yes,01/29/2021 03:56:36 PM,2021-01-25
5871431262,1/25/2021 12:40:53 PM,Yes,01/29/2021 03:58:26 PM,2021-01-25
9868846421,1/25/2021 12:39:27 PM, , ,2021-01-25
7369054416,1/25/2021 12:39:25 PM,Yes,01/29/2021 04:00:06 PM,2021-01-25
6168956053,1/25/2021 12:39:24 PM,Yes,01/29/2021 04:02:09 PM,2021-01-25
6723815633,1/25/2021 12:39:23 PM,Yes,01/29/2021 04:10:57 PM,2021-01-25
9823636354,1/25/2021 12:39:22 PM,Yes,01/29/2021 04:12:54 PM,2021-01-25
2369234170,1/25/2021 12:39:21 PM,Yes,01/29/2021 04:19:14 PM,2021-01-25
7719194503,1/25/2021 12:39:20 PM,Yes,01/29/2021 04:21:52 PM,2021-01-25
5669214291,1/25/2021 12:39:19 PM,Yes,01/29/2021 04:23:17 PM,2021-01-25
8326301276,1/25/2021 12:39:18 PM,Yes,01/29/2021 04:25:14 PM,2021-01-25
4223845255,1/25/2021 12:39:17 PM,Yes,01/29/2021 05:43:30 PM,2021-01-25
9824942526,1/25/2021 12:39:16 PM,Yes,01/29/2021 05:45:24 PM,2021-01-25
7971631046,1/25/2021 12:39:15 PM,Yes,01/29/2021 05:46:50 PM,2021-01-25
3770072986,1/25/2021 12:39:14 PM,Yes,01/29/2021 05:49:20 PM,2021-01-25
8570152408,1/25/2021 12:39:13 PM,Yes,01/29/2021 05:51:34 PM,2021-01-25
9669863218,1/25/2021 12:39:10 PM,Yes,01/29/2021 05:53:25 PM,2021-01-25
8925372221,1/25/2021 12:39:09 PM,Yes,01/29/2021 05:54:50 PM,2021-01-25
5869863147,1/25/2021 12:39:08 PM,Yes,01/29/2021 05:56:18 PM,2021-01-25
7418886109,1/25/2021 12:39:07 PM,Yes,01/29/2021 05:57:37 PM,2021-01-25
5924203681




PONumber,Date Submitted,ASN Done,ASN Date Submitted,Order Date

Date Submitted,ASN Done?,ASN Date Submitted,Order Date
1/25/2021 12:39:06 PM, , ,2021-01-25
6270092715,1/25/2021 12:39:05 PM,Yes,01/29/2021 06:00:01 PM,2021-01-25
8268935445,1/25/2021 12:39:04 PM,Yes,01/29/2021 06:06:33 PM,2021-01-25
3919653327,1/25/2021 12:39:03 PM,Yes,01/29/2021 06:08:16 PM,2021-01-25
6970092278,1/25/2021 12:39:02 PM, , ,2021-01-25
6820662168,1/25/2021 12:39:01 PM, , ,2021-01-25
6470901914,1/25/2021 12:39:00 PM,Yes,01/29/2021 06:09:58 PM,2021-01-25
4669593408,1/25/2021 12:38:59 PM,Yes,01/29/2021 06:27:48 PM,2021-01-25
9824563419,1/25/2021 12:38:58 PM,Yes,01/29/2021 06:38:12 PM,2021-01-25
2769603490,1/25/2021 12:38:57 PM, , ,2021-01-25
6970472341,1/25/2021 12:38:56 PM, , ,2021-01-25
6469223797,1/25/2021 12:38:55 PM,Yes,01/29/2021 06:39:35 PM,2021-01-25
1420771988,1/25/2021 12:38:52 PM, , ,2021-01-25
4870052992,1/25/2021 12:36:51 PM,Yes,01/29/2021 06:40:47 PM,2021-01-25
6319224067,1/25/2021 12:36:47 PM,Yes,01/29/2021 06:41:57 PM,2021-01-25
3769623404,1/25/2021 12:36:43 PM,Yes,01/29/2021 06:43:12 PM,2021-01-25
4269623403,1/25/2021 12:36:39 PM,Yes,01/29/2021 06:44:28 PM,2021-01-25
2169164610,1/25/2021 12:36:37 PM,Yes,01/29/2021 08:45:44 PM,2021-01-25
2421541326,1/25/2021 12:36:33 PM, , ,2021-01-25
6122400221,1/25/2021 12:36:28 PM,Yes,01/29/2021 08:48:41 PM,2021-01-25
8271631040,1/18/2021 1:49:09 PM,Yes,01/20/2021 04:24:31 PM,2021-01-18
2769603273,1/18/2021 11:51:40 AM,Yes,01/20/2021 04:25:46 PM,2021-01-18
9868846199,1/18/2021 11:51:39 AM,Yes,01/20/2021 04:27:13 PM,2021-01-18
7719194304,1/18/2021 11:51:38 AM,Yes,01/20/2021 04:29:56 PM,2021-01-18
9824942340,1/18/2021 11:51:37 AM,Yes,01/20/2021 04:40:16 PM,2021-01-18
7971630884,1/18/2021 11:51:36 AM,Yes,01/20/2021 04:32:03 PM,2021-01-18
9669863022,1/18/2021 11:51:35 AM,Yes,01/20/2021 04:33:40 PM,2021-01-18
8925372032,1/18/2021 11:51:34 AM,Yes,01/20/2021 04:34:54 PM,2021-01-18
9824563225,1/18/2021 11:51:33 AM,Yes,01/20/2021 04:36:25 PM,2021-01-18
7418885892,1/18/2021 11:51:32 AM,Yes,01/20/2021 04:37:57 PM,2021-01-18
8570152220,1/18/2021 11:51:31 AM,Yes,01/20/2021 04:39:24 PM,2021-01-18
9823636121,1/18/2021 11:51:30 AM,Yes,01/20/2021 06:39:07 PM,2021-01-18
7870151982,1/18/2021 11:51:30 AM,Yes,01/20/2021 06:16:03 PM,2021-01-18
8271630866,1/18/2021 11:50:44 AM,Yes,01/20/2021 06:19:30 PM,2021-01-18
5669214090,1/18/2021 11:50:42 AM,Yes,01/20/2021 06:21:32 PM,2021-01-18
4223845041,1/18/2021 11:49:59 AM,Yes,01/20/2021 06:24:52 PM,2021-01-18
2469243474,1/18/2021 11:48:45 AM,Yes,01/20/2021 06:28:28 PM,2021-01-18
3919653123,1/18/2021 11:48:15 AM,Yes,01/20/2021 06:29:49 PM,2021-01-18
6168955821,1/18/2021 11:48:05 AM,Yes,01/20/2021 06:31:12 PM,2021-01-18
3770072792,1/18/2021 11:47:57 AM,Yes,01/20/2021 06:32:35 PM,2021-01-18
6970472143,1/18/2021 11:47:50 AM,Yes,01/20/2021 06:34:17 PM,2021-01-18
6319223873,1/18/2021 11:47:39 AM,Yes,01/20/2021 06:36:26 PM,2021-01-18
1420771805,1/18/2021 11:47:31 AM,Yes,01/20/2021 06:44:41 PM,2021-01-18
6470901729,1/18/2021 11:47:23 AM,Yes,01/20/2021 06:46:44 PM,2021-01-18
4669593226,1/18/2021 11:47:17 AM,Yes,01/20/2021 06:48:04 PM,2021-01-18
6270092523,1/18/2021 11:47:16 AM,Yes,01/20/2021 06:49:45 PM,2021-01-18
2369233972,1/18/2021 11:47:15 AM,Yes,01/20/2021 06:51:56 PM,2021-01-18
6820661980,1/18/2021 11:47:14 AM,Yes,01/20/2021 06:53:31 PM,2021-01-18
4269623208,1/18/2021 11:47:12 AM,Yes,01/20/2021 06:56:01 PM,2021-01-18
3769623192,1/18/2021 11:47:11 AM,Yes,01/20/2021 06:57:16 PM,2021-01-18
4870052805,1/18/2021 11:47:10 AM,Yes,01/20/2021 06:58:31 PM,2021-01-18
2169164389,1/18/2021 11:47:09 AM,Yes,01/20/2021 07:00:06 PM,2021-01-18
6122400054,1/18/2021 11:47:07 AM,Yes,01/20/2021 07:01:17 PM,2021-01-18
2421541152,1/11/2021 11:42:05 AM,Yes,01/11/2021 04:44:06 PM,2021-01-11
7719194095,1/11/2021 11:42:04 AM,Yes,01/11/2021 04:47:40 PM,2021-01-11
7418885660,1/11/2021 11:42:04 AM,Yes,01/11/2021 04:45:15 PM,2021-01-11
9824942134,1/11/2021 11:42:03 AM,Yes,01/11/2021 04:49:23 PM,2021-01-11
8570152036,1/11/2021 11:42:02 AM,Yes,01/11/2021 04:51:03 PM,2021-01-11
7870151811,1/11/2021 11:42:00 AM,Yes,01/11/2021 04:54:43 PM,2021-01-11
9669862820,1/11/2021 11:41:59 AM,Yes,01/11/2021 04:56:41 PM,2021-01-11
8925371837,1/11/2021 11:41:58 AM,Yes,01/11/2021 05:01:12 PM,2021-01-11
9823635902,1/11/2021 11:41:57 AM,Yes,01/11/2021 05:02:27 PM,2021-01-11
9824563011,1/11/2021 11:41:56 AM,Yes,01/11/2021 05:03:37 PM,2021-01-11
6970471945,1/11/2021 11:41:55 AM,Yes,01/11/2021 06:14:38 PM,2021-01-11
8268935083,1/11/2021 11:41:54 AM,Yes,01/11/2021 06:15:53 PM,2021-01-11
6820661800,1/11/2021 11:41:53 AM,Yes,01/11/2021 06:17:31 PM,2021-01-11
7369054053,1/11/2021 11:41:52 AM,Yes,01/11/2021 06:19:46 PM,2021-01-11
8271630681,1/11/2021 11:41:51 AM,Yes,01/11/2021 06:21:24 PM,2021-01-11
9868845982,1/11/2021 11:38:07 AM,Yes,01/11/2021 06:24:29 PM,2021-01-11
2769603084,1/11/2021 11:37:54 AM,Yes,01/11/2021 06:26:18 PM,2021-01-11
6470901539,1/11/2021 11:37:46 AM,Yes,01/11/2021 06:27:32 PM,2021-01-11
6270092332,1/11/2021 11:37:37 AM,Yes,01/11/2021 06:29:06 PM,2021-01-11
6319223669,1/11/2021 11:37:26 AM,Yes,01/11/2021 06:30:17 PM,2021-01-11
1420771632,1/11/2021 11:37:24 AM,Yes,01/11/2021 06:56:42 PM,2021-01-11
2369233761,1/11/2021 11:37:22 AM,Yes,01/11/2021 07:00:36 PM,2021-01-11
4669593030,1/11/2021 11:37:21 AM,Yes,01/11/2021 07:02:59 PM,2021-01-11
4269623013,1/11/2021 11:37:20 AM,Yes,01/11/2021 07:11:03 PM,2021-01-11
6469223445,1/11/2021 11:37:18 AM,Yes,01/11/2021 07:13:44 PM,2021-01-11
3769622990,1/11/2021 11:37:17 AM,Yes,01/11/2021 07:15:01 PM,2021-01-11
4870052620,1/11/2021 11:37:16 AM,Yes,01/11/2021 07:17:50 PM,2021-01-11
2421540967,1/11/2021 11:37:14 AM,Yes,01/11/2021 07:22:40 PM,2021-01-11
2169164166,1/11/2021 11:37:13 AM,Yes,01/11/2021 07:24:11 PM,2021-01-11
5871430967,1/11/2021 11:37:12 AM,Yes,01/11/2021 07:25:46 PM,2021-01-11
1916829882,1/4/2021 11:48:03 AM,Yes,01/04/2021 06:34:11 PM,2021-01-04
3769622807,1/4/2021 11:44:45 AM,Yes,01/04/2021 06:34:49 PM,2021-01-04
7369053883,1/4/2021 11:44:40 AM,Yes,01/04/2021 06:22:42 PM,2021-01-04
2169163975,1/4/2021 11:44:36 AM,Yes,01/04/2021 06:24:04 PM,2021-01-04
9868845770,1/4/2021 11:44:26 AM,Yes,01/04/2021 06:35:20 PM,2021-01-04
5669213686,1/4/2021 11:44:23 AM,Yes,01/04/2021 06:26:47 PM,2021-01-04
8326300776,1/4/2021 11:44:20 AM,Yes,01/04/2021 06:28:21 PM,2021-01-04
9824941958,1/4/2021 11:44:16 AM,Yes,01/04/2021 06:29:57 PM,2021-01-04
9669862624,1/4/2021 11:44:14 AM,Yes,01/04/2021 06:31:47 PM,2021-01-04
4223844634,1/4/2021 11:44:11 AM,Yes,01/04/2021 06:33:08 PM,2021-01-04
5869862661,1/4/2021 11:44:07 AM,Yes,01/04/2021 07:29:28 PM,2021-01-04
7418885446,1/4/2021 11:44:04 AM,Yes,01/04/2021 07:31:03 PM,2021-01-04
7971630529,1/4/2021 11:44:01 AM,Yes,01/04/2021 07:33:04 PM,2021-01-04
8925371666,1/4/2021 11:43:57 AM,Yes,01/04/2021 07:37:13 PM,2021-01-04
2469243103,1/4/2021 11:43:54 AM,Yes,01/04/2021 07:42:17 PM,2021-01-04
5924203113,1/4/2021 11:43:51 AM,Yes,01/04/2021 07:43:24 PM,2021-01-04
6270092157,1/4/2021 11:43:47 AM,Yes,01/04/2021 07:49:39 PM,2021-01-04
3770072392




PONumber,Date Submitted,ASN Done,ASN Date Submitted,Order Date

Date Submitted,ASN Done?,ASN Date Submitted,Order Date
1/4/2021 11:43:43 AM,Yes,01/04/2021 07:46:36 PM,2021-01-04
2769602903,1/4/2021 11:43:41 AM,Yes,01/04/2021 07:47:45 PM,2021-01-04
6168955372,1/4/2021 11:43:37 AM,Yes,01/04/2021 07:48:46 PM,2021-01-04
9824562832,1/4/2021 11:43:34 AM,Yes,01/04/2021 08:12:15 PM,2021-01-04
8570151864,1/4/2021 11:43:30 AM,Yes,01/04/2021 08:13:41 PM,2021-01-04
6970471768,1/4/2021 11:43:28 AM,Yes,01/04/2021 08:16:24 PM,2021-01-04
8268934915,1/4/2021 11:43:25 AM,Yes,01/04/2021 08:18:02 PM,2021-01-04
6469223274,1/4/2021 11:43:21 AM,Yes,01/04/2021 08:20:36 PM,2021-01-04
6319223493,1/4/2021 11:43:18 AM,Yes,01/04/2021 08:21:58 PM,2021-01-04
3919652732,1/4/2021 11:43:14 AM,Yes,01/04/2021 08:26:10 PM,2021-01-04
6820661611,1/4/2021 11:43:11 AM,Yes,01/04/2021 08:27:23 PM,2021-01-04
6470901372,1/4/2021 11:43:07 AM,Yes,01/04/2021 08:28:30 PM,2021-01-04
1420771458,1/4/2021 11:43:04 AM,Yes,01/04/2021 08:45:46 PM,2021-01-04
6970091837,1/4/2021 11:43:02 AM,Yes,01/04/2021 08:47:23 PM,2021-01-04
4669592847,1/4/2021 11:42:57 AM,Yes,01/04/2021 08:48:24 PM,2021-01-04
2369233575,1/4/2021 11:42:52 AM,Yes,01/04/2021 08:50:11 PM,2021-01-04
4269622823,1/4/2021 11:41:27 AM,Yes,01/04/2021 08:56:52 PM,2021-01-04
4870052423,1/4/2021 11:41:23 AM,Yes,01/04/2021 08:57:48 PM,2021-01-04
6723815074,1/4/2021 11:41:18 AM,Yes,01/04/2021 09:00:01 PM,2021-01-04
2421540804,1/4/2021 11:41:13 AM,Yes,01/04/2021 09:02:56 PM,2021-01-04
1916829721,1/4/2021 11:41:09 AM,Yes,01/04/2021 09:02:09 PM,2021-01-04
8271630520,12/28/2020 11:36:19 AM,Yes,12/30/2020 06:47:57 PM,2020-12-28
7369053730,12/28/2020 11:36:16 AM,Yes,12/29/2020 02:54:18 PM,2020-12-28
6723814911,12/28/2020 11:36:12 AM,Yes,12/30/2020 06:49:31 PM,2020-12-28
6168955165,12/28/2020 11:36:09 AM,Yes,12/30/2020 06:50:47 PM,2020-12-28
2369233402,12/28/2020 11:36:05 AM,Yes,12/29/2020 02:57:19 PM,2020-12-28
9823635529,12/28/2020 11:36:02 AM,Yes,12/30/2020 06:52:16 PM,2020-12-28
9868845571,12/28/2020 11:35:59 AM,Yes,12/30/2020 06:53:57 PM,2020-12-28
8326300640,12/28/2020 11:35:55 AM,Yes,12/30/2020 07:00:18 PM,2020-12-28
7719193700,12/28/2020 11:35:50 AM,Yes,12/30/2020 07:01:23 PM,2020-12-28
5669213505,12/28/2020 11:35:49 AM,Yes,12/29/2020 03:03:26 PM,2020-12-28
5869862504,12/28/2020 11:35:47 AM,Yes,12/30/2020 07:02:59 PM,2020-12-28
7971630379,12/28/2020 11:35:46 AM,Yes,12/30/2020 07:04:38 PM,2020-12-28
8570151706,12/28/2020 11:35:45 AM,Yes,12/30/2020 07:08:50 PM,2020-12-28
9824941777,12/28/2020 11:35:43 AM,Yes,12/30/2020 07:08:00 PM,2020-12-28
9669862456,12/28/2020 11:35:42 AM,Yes,12/30/2020 07:21:35 PM,2020-12-28
4223844450,12/28/2020 11:35:41 AM,Yes,12/30/2020 07:22:56 PM,2020-12-28
7870151524,12/28/2020 11:35:38 AM,Yes,12/30/2020 07:24:10 PM,2020-12-28
3770072216,12/28/2020 11:35:36 AM,Yes,12/30/2020 07:25:06 PM,2020-12-28
6270092006,12/28/2020 11:35:35 AM,Yes,12/30/2020 07:26:14 PM,2020-12-28
5924202943,12/28/2020 11:35:33 AM,Yes,12/29/2020 03:05:37 PM,2020-12-28
8268934753,12/28/2020 11:35:32 AM,Yes,12/30/2020 07:28:56 PM,2020-12-28
2769602721,12/28/2020 11:35:30 AM,Yes,12/30/2020 07:29:55 PM,2020-12-28
6970471599,12/28/2020 11:35:29 AM,Yes,12/29/2020 03:07:57 PM,2020-12-28
6970091703,12/28/2020 11:35:28 AM,Yes,12/30/2020 07:31:01 PM,2020-12-28
8925371508,12/28/2020 11:35:26 AM,Yes,12/30/2020 07:32:17 PM,2020-12-28
1420771299,12/28/2020 11:35:25 AM,Yes,12/30/2020 07:33:20 PM,2020-12-28
9824562654,12/28/2020 11:35:23 AM,Yes,12/30/2020 07:34:31 PM,2020-12-28
7418885259,12/28/2020 11:35:22 AM,Yes,12/30/2020 07:46:58 PM,2020-12-28
3919652568,12/28/2020 11:35:21 AM,Yes,12/30/2020 07:48:22 PM,2020-12-28
6820661451,12/28/2020 11:35:19 AM,Yes,12/30/2020 07:51:13 PM,2020-12-28
6470901216,12/28/2020 11:35:18 AM,Yes,12/30/2020 07:54:59 PM,2020-12-28
4669592674,12/28/2020 11:35:16 AM,Yes,12/29/2020 03:17:08 PM,2020-12-28
4870052262,12/28/2020 11:35:15 AM,Yes,12/30/2020 07:56:24 PM,2020-12-28
2421540654,12/28/2020 11:35:14 AM,Yes,12/30/2020 07:58:01 PM,2020-12-28
4269622648,12/28/2020 11:35:13 AM,Yes,12/30/2020 07:59:37 PM,2020-12-28
2169163790,12/28/2020 11:35:11 AM,Yes,12/30/2020 08:00:46 PM,2020-12-28
5871430686,12/28/2020 11:35:09 AM,Yes,12/30/2020 08:01:53 PM,2020-12-28
3769622636,12/28/2020 11:35:08 AM,Yes,12/30/2020 08:02:55 PM,2020-12-28
8271630365,12/28/2020 11:35:07 AM,Yes,12/30/2020 08:03:51 PM,2020-12-28
6319223324,12/14/2020 11:49:26 AM,Yes,12/17/2020 12:29:34 PM,2020-12-14
5669213192,12/14/2020 11:49:25 AM,Yes,12/17/2020 12:30:25 PM,2020-12-14
7719193378,12/14/2020 11:49:24 AM,Yes,12/17/2020 12:34:55 PM,2020-12-14
6270091733,12/14/2020 11:49:23 AM,Yes,12/17/2020 12:38:50 PM,2020-12-14
7418884930,12/14/2020 11:49:23 AM,Yes,12/17/2020 12:48:25 PM,2020-12-14
8570151429,12/14/2020 11:49:22 AM,Yes,12/17/2020 12:55:10 PM,2020-12-14
2469242699,12/14/2020 11:49:22 AM,Yes,12/17/2020 12:59:52 PM,2020-12-14
9824941498,12/14/2020 11:49:21 AM,Yes,12/17/2020 05:48:00 PM,2020-12-14
3919652272,12/14/2020 11:49:20 AM,Yes,12/17/2020 05:50:22 PM,2020-12-14
6470900931,12/14/2020 11:49:19 AM,Yes,12/17/2020 05:52:34 PM,2020-12-14
5924202649,12/14/2020 11:49:18 AM,Yes,12/17/2020 05:54:35 PM,2020-12-14
1420771030,12/14/2020 11:49:18 AM,Yes,12/17/2020 05:56:36 PM,2020-12-14
8925371221,12/14/2020 11:49:16 AM,Yes,12/17/2020 05:58:37 PM,2020-12-14
7369053444,12/14/2020 11:49:16 AM,Yes,12/17/2020 06:00:16 PM,2020-12-14
9824562343,12/14/2020 11:49:15 AM,Yes,12/17/2020 06:01:35 PM,2020-12-14
6970471308,12/14/2020 11:49:15 AM,Yes,12/17/2020 06:04:11 PM,2020-12-14
8268934484,12/14/2020 11:49:14 AM,Yes,12/17/2020 06:09:53 PM,2020-12-14
4269622335,12/14/2020 11:49:14 AM,Yes,12/17/2020 06:12:35 PM,2020-12-14
9868845236,12/14/2020 11:49:13 AM,Yes,12/17/2020 06:14:30 PM,2020-12-14
6319223033,12/14/2020 11:49:12 AM,Yes,12/17/2020 06:15:38 PM,2020-12-14
6723814603,12/14/2020 11:49:11 AM,Yes,12/17/2020 06:17:16 PM,2020-12-14
3769622344,12/14/2020 11:49:10 AM,Yes,12/17/2020 06:37:05 PM,2020-12-14
2169163476,12/14/2020 11:35:28 AM,Yes,12/17/2020 06:39:14 PM,2020-12-14
9823635207,12/14/2020 11:35:27 AM,Yes,12/17/2020 06:41:53 PM,2020-12-14
2369233103,12/14/2020 11:35:24 AM,Yes,12/17/2020 06:47:36 PM,2020-12-14
7971630111,12/14/2020 11:35:23 AM,Yes,12/17/2020 06:52:32 PM,2020-12-14
4223844154,12/14/2020 11:35:22 AM,Yes,12/17/2020 06:54:20 PM,2020-12-14
2769602434,12/14/2020 11:35:20 AM,Yes,12/17/2020 06:56:41 PM,2020-12-14
9669862153,12/14/2020 11:35:19 AM,Yes,12/17/2020 06:59:24 PM,2020-12-14
3770071919,12/14/2020 11:35:17 AM,Yes,12/17/2020 07:06:53 PM,2020-12-14
6168954820,12/14/2020 11:35:16 AM,Yes,12/17/2020 07:09:03 PM,2020-12-14
6820661154,12/14/2020 11:35:14 AM,Yes,12/17/2020 07:12:35 PM,2020-12-14
4870051970,12/14/2020 11:35:13 AM,Yes,12/17/2020 07:16:09 PM,2020-12-14
4669592390,12/14/2020 11:35:11 AM,Yes,12/17/2020 07:19:09 PM,2020-12-14
8271630099,12/14/2020 11:35:09 AM,Yes,12/17/2020 07:20:48 PM,2020-12-14
1916829326,12/7/2020 12:14:59 PM, , ,2020-12-07
6723814407,12/7/2020 12:14:55 PM, , ,2020-12-07
6168954627,12/7/2020 12:14:43 PM, , ,2020-12-07
2169163283,12/7/2020 12:14:09 PM, , ,2020-12-07
7719193189,12/7/2020 12:14:02 PM, , ,2020-12-07
4223843957




PONumber,Date Submitted,ASN Done,ASN Date Submitted,Order Date

Date Submitted,ASN Done?,ASN Date Submitted,Order Date
12/7/2020 12:13:58 PM, , ,2020-12-07
2769602261,12/7/2020 12:13:55 PM, , ,2020-12-07
6970471154,12/7/2020 12:13:51 PM, , ,2020-12-07
8925371063,12/7/2020 12:13:47 PM, , ,2020-12-07
9824562164,12/7/2020 12:13:44 PM, , ,2020-12-07
5924202477,12/7/2020 12:13:40 PM, , ,2020-12-07
5871430318,12/7/2020 12:13:35 PM, , ,2020-12-07
9868845043,12/7/2020 12:08:03 PM, , ,2020-12-07
1916829191,12/7/2020 11:39:31 AM, , ,2020-12-07
2369232920,12/7/2020 11:39:20 AM, , ,2020-12-07
7369053276,12/7/2020 11:39:18 AM, , ,2020-12-07
6970091329,12/7/2020 11:39:16 AM, , ,2020-12-07
9823635008,12/7/2020 11:39:14 AM, , ,2020-12-07
6319222856,11/30/2020 12:13:13 PM, , ,2020-11-30
7719192985,11/30/2020 12:13:12 PM, , ,2020-11-30
8326300089,11/30/2020 12:13:11 PM, , ,2020-11-30
9824941166,11/30/2020 12:13:10 PM, , ,2020-11-30
9669861801,11/30/2020 12:13:09 PM, , ,2020-11-30
7870150974,11/30/2020 12:13:08 PM, , ,2020-11-30
8268934169,11/30/2020 12:13:08 PM, , ,2020-11-30
8925370893,11/30/2020 12:13:07 PM, , ,2020-11-30
9823634807,11/30/2020 12:13:06 PM, , ,2020-11-30
9824561984,11/30/2020 12:13:04 PM, , ,2020-11-30
7418884539,11/30/2020 12:13:03 PM, , ,2020-11-30
6970470983,11/30/2020 12:13:02 PM, , ,2020-11-30
6820660817,11/30/2020 12:13:01 PM, , ,2020-11-30
7369053120,11/30/2020 12:13:00 PM, , ,2020-11-30
7321389787,11/30/2020 12:12:59 PM, , ,2020-11-30
9868844828,11/30/2020 12:12:55 PM, , ,2020-11-30
6723814208,11/30/2020 12:12:53 PM, , ,2020-11-30
6168954416,11/30/2020 12:12:51 PM, , ,2020-11-30
2169163090,11/30/2020 12:12:46 PM, , ,2020-11-30
5669212824,11/30/2020 12:12:44 PM, , ,2020-11-30
4223843763,11/30/2020 12:12:41 PM, , ,2020-11-30
6116469805,11/30/2020 12:12:40 PM, , ,2020-11-30
5924202305,11/30/2020 12:12:38 PM, , ,2020-11-30
2769602079,11/30/2020 12:12:36 PM, , ,2020-11-30
5869861900,11/30/2020 12:12:35 PM, , ,2020-11-30
6270091396,11/30/2020 12:12:34 PM, , ,2020-11-30
3919651918,11/30/2020 12:12:31 PM, , ,2020-11-30
3770071557,11/30/2020 12:12:30 PM, , ,2020-11-30
6470900604,11/30/2020 12:12:28 PM, , ,2020-11-30
1420770708,11/30/2020 12:12:27 PM, , ,2020-11-30
4669592033,11/30/2020 12:12:25 PM, , ,2020-11-30
4269621971,11/30/2020 12:12:24 PM, , ,2020-11-30
2369232736,11/30/2020 12:12:22 PM, , ,2020-11-30
6469222516,11/30/2020 12:12:21 PM, , ,2020-11-30
6319222673,11/30/2020 12:12:19 PM, , ,2020-11-30
4870051619,11/30/2020 12:12:18 PM, , ,2020-11-30
3769622019,11/30/2020 12:12:16 PM, , ,2020-11-30
2421540065,11/30/2020 12:12:14 PM, , ,2020-11-30
1916829041,11/30/2020 11:15:09 AM, , ,2020-11-30
8570151095,11/23/2020 6:05:43 PM,Yes,01/27/2021 05:48:56 PM,2020-11-23
4866389966,11/23/2020 6:05:42 PM,Yes,01/27/2021 05:51:21 PM,2020-11-23
5669212653,11/23/2020 6:05:39 PM,Yes,01/27/2021 05:53:29 PM,2020-11-23
5869861738,11/23/2020 6:05:37 PM,Yes,01/27/2021 05:55:39 PM,2020-11-23
6116469670,11/23/2020 6:05:36 PM,Yes,01/27/2021 05:58:01 PM,2020-11-23
4223843599,11/23/2020 6:05:35 PM,Yes,01/27/2021 06:00:41 PM,2020-11-23
2469242246,11/23/2020 6:05:35 PM,Yes,01/27/2021 06:02:21 PM,2020-11-23
7719192822,11/23/2020 6:05:33 PM,Yes,01/27/2021 06:03:33 PM,2020-11-23
6168954227,11/23/2020 6:05:33 PM,Yes,01/27/2021 06:05:50 PM,2020-11-23
9824941013,11/23/2020 6:05:32 PM,Yes,01/27/2021 06:07:07 PM,2020-11-23
6270091244,11/23/2020 6:05:32 PM,Yes,01/27/2021 06:12:42 PM,2020-11-23
9669861646,11/23/2020 6:05:31 PM,Yes,01/27/2021 06:14:00 PM,2020-11-23
2769601910,11/23/2020 6:05:30 PM,Yes,01/27/2021 06:15:47 PM,2020-11-23
9824561818,11/23/2020 6:05:29 PM,Yes,01/27/2021 06:17:02 PM,2020-11-23
5924202126,11/23/2020 6:05:29 PM,Yes,01/27/2021 06:18:49 PM,2020-11-23
7418884373,11/23/2020 6:05:28 PM,Yes,01/27/2021 06:20:07 PM,2020-11-23
3770071409,11/23/2020 6:05:28 PM,Yes,01/27/2021 06:24:46 PM,2020-11-23
8570150960,11/23/2020 6:05:27 PM,Yes,01/27/2021 06:25:52 PM,2020-11-23
3919651774,11/23/2020 6:05:26 PM,Yes,01/27/2021 06:28:01 PM,2020-11-23
1420770566,11/23/2020 6:05:26 PM,Yes,01/27/2021 06:26:57 PM,2020-11-23
6723814012,11/23/2020 6:05:25 PM,Yes,01/27/2021 07:17:23 PM,2020-11-23
7870150846,11/23/2020 6:05:24 PM,Yes,01/27/2021 07:18:42 PM,2020-11-23
2369232568,11/23/2020 6:05:23 PM,Yes,01/27/2021 07:19:59 PM,2020-11-23
6470900454,11/23/2020 6:05:22 PM,Yes,01/27/2021 07:22:11 PM,2020-11-23
6469222379,11/23/2020 6:05:22 PM,Yes,01/27/2021 07:21:03 PM,2020-11-23
8925370745,11/23/2020 6:05:20 PM,Yes,01/27/2021 07:24:39 PM,2020-11-23
6319222517,11/23/2020 6:05:20 PM,Yes,01/27/2021 07:23:26 PM,2020-11-23
7369052973,11/23/2020 6:05:19 PM,Yes,01/27/2021 07:26:38 PM,2020-11-23
4870051470,11/23/2020 6:05:19 PM,Yes,01/27/2021 07:25:37 PM,2020-11-23
6970470835,11/23/2020 6:05:18 PM,Yes,01/27/2021 07:58:55 PM,2020-11-23
4669591877,11/23/2020 6:05:18 PM,Yes,01/27/2021 07:28:03 PM,2020-11-23
6970091074,11/23/2020 6:05:16 PM,Yes,01/27/2021 08:01:32 PM,2020-11-23
3769621873,11/23/2020 6:05:16 PM,Yes,01/27/2021 08:00:10 PM,2020-11-23
6820660672,11/23/2020 6:05:15 PM,Yes,01/27/2021 08:03:20 PM,2020-11-23
9823634636,11/23/2020 6:05:14 PM,Yes,01/27/2021 08:04:50 PM,2020-11-23
2169162919,11/23/2020 6:05:14 PM,Yes,01/27/2021 08:09:17 PM,2020-11-23
8268934031,11/23/2020 6:05:13 PM,Yes,01/27/2021 08:10:16 PM,2020-11-23
4269621826,11/23/2020 6:05:12 PM,Yes,01/27/2021 08:13:51 PM,2020-11-23
5871430070,11/23/2020 6:05:12 PM,Yes,01/27/2021 08:11:16 PM,2020-11-23
7321389654,11/23/2020 6:05:11 PM,Yes,01/27/2021 08:17:38 PM,2020-11-23
1916828904,11/23/2020 6:05:11 PM,Yes,01/27/2021 08:15:12 PM,2020-11-23
9868844647,11/23/2020 6:05:09 PM,Yes,01/27/2021 08:20:58 PM,2020-11-23
3866509925,11/23/2020 12:14:52 PM, , ,2020-11-23
6723814007,11/23/2020 12:14:50 PM, , ,2020-11-23
7719192817,11/23/2020 12:14:49 PM, , ,2020-11-23
9824941005,11/23/2020 12:14:44 PM, , ,2020-11-23
5669212649,11/23/2020 12:14:42 PM, , ,2020-11-23
9669861636,11/23/2020 12:14:41 PM, , ,2020-11-23
4223843590




PONumber,Date Submitted,ASN Done,ASN Date Submitted,Order Date

Date Submitted,ASN Done?,ASN Date Submitted,Order Date
11/23/2020 12:14:40 PM, , ,2020-11-23
7369052963,11/23/2020 12:14:39 PM, , ,2020-11-23
7418884365,11/23/2020 12:14:38 PM, , ,2020-11-23
5869861727,11/23/2020 12:14:37 PM, , ,2020-11-23
3770071399,11/23/2020 12:14:36 PM, , ,2020-11-23
8570150954,11/23/2020 12:14:35 PM, , ,2020-11-23
3919651765,11/23/2020 12:14:34 PM, , ,2020-11-23
8925370737,11/23/2020 12:14:33 PM, , ,2020-11-23
7870150835,11/23/2020 12:14:32 PM, , ,2020-11-23
2469242237,11/23/2020 12:14:30 PM, , ,2020-11-23
9823634624,11/23/2020 12:14:29 PM, , ,2020-11-23
1420770561,11/23/2020 12:14:28 PM, , ,2020-11-23
6116469660,11/23/2020 12:14:27 PM, , ,2020-11-23
9824561814,11/23/2020 12:14:26 PM, , ,2020-11-23
2769601900,11/23/2020 12:14:25 PM, , ,2020-11-23
6168954218,11/23/2020 12:14:24 PM, , ,2020-11-23
5924202121,11/23/2020 12:14:23 PM, , ,2020-11-23
6970091068,11/23/2020 12:14:22 PM, , ,2020-11-23
6319222512,11/23/2020 12:14:21 PM, , ,2020-11-23
6970470828,11/23/2020 12:14:20 PM, , ,2020-11-23
6270091238,11/23/2020 12:14:19 PM, , ,2020-11-23
6820660658,11/23/2020 12:14:18 PM, , ,2020-11-23
4669591861,11/23/2020 12:14:17 PM, , ,2020-11-23
6469222366,11/23/2020 12:14:15 PM, , ,2020-11-23
2369232562,11/23/2020 12:14:14 PM, , ,2020-11-23
6470900449,11/23/2020 12:14:13 PM, , ,2020-11-23
4269621818,11/23/2020 12:14:12 PM, , ,2020-11-23
3769621866,11/23/2020 12:14:11 PM, , ,2020-11-23
4870051458,11/23/2020 12:14:09 PM, , ,2020-11-23
2169162914,11/23/2020 12:14:08 PM, , ,2020-11-23
3866509916,11/23/2020 12:14:07 PM, , ,2020-11-23
1916828899,11/23/2020 12:14:07 PM, , ,2020-11-23
7321389642,11/23/2020 12:14:05 PM, , ,2020-11-23
9868844639,11/16/2020 12:20:18 PM, , ,2020-11-16
7719192637,11/16/2020 12:20:17 PM, , ,2020-11-16
9669861474,11/16/2020 12:20:16 PM, , ,2020-11-16
8570150786,11/16/2020 12:20:15 PM, , ,2020-11-16
9868844459,11/16/2020 12:19:24 PM, , ,2020-11-16
4866389837,11/16/2020 12:19:23 PM, , ,2020-11-16
6116469512,11/16/2020 12:19:22 PM, , ,2020-11-16
5924201954,11/16/2020 12:19:21 PM, , ,2020-11-16
4223843403,11/16/2020 12:19:20 PM, , ,2020-11-16
6270091078,11/16/2020 12:19:19 PM, , ,2020-11-16
2769601739,11/16/2020 12:19:18 PM, , ,2020-11-16
6970470671,11/16/2020 12:19:17 PM, , ,2020-11-16
3919651593,11/16/2020 12:19:16 PM, , ,2020-11-16
4669591697,11/16/2020 12:19:15 PM, , ,2020-11-16
2369232381,11/16/2020 12:19:13 PM, , ,2020-11-16
4269621644,11/16/2020 12:19:12 PM, , ,2020-11-16
6470900299,11/16/2020 12:19:11 PM, , ,2020-11-16
3769621719,11/16/2020 12:19:10 PM, , ,2020-11-16
6319222342,11/16/2020 12:19:08 PM, , ,2020-11-16
3866509768,11/16/2020 12:19:07 PM, , ,2020-11-16
2169162733,11/16/2020 11:55:34 AM, , ,2020-11-16
6723813813,11/16/2020 11:55:30 AM, , ,2020-11-16
6168954024,11/16/2020 11:55:29 AM, , ,2020-11-16
5869861562,11/16/2020 11:55:28 AM, , ,2020-11-16
9823634426,11/16/2020 11:55:27 AM, , ,2020-11-16
7418884169,11/16/2020 11:55:26 AM, , ,2020-11-16
9824561650,11/16/2020 11:55:25 AM, , ,2020-11-16
6970090935,11/16/2020 11:55:23 AM, , ,2020-11-16
3770071229,11/16/2020 11:55:23 AM, , ,2020-11-16
8925370586,11/16/2020 11:55:21 AM, , ,2020-11-16
1420770401,11/16/2020 11:55:20 AM, , ,2020-11-16
6820660494,11/16/2020 11:55:19 AM, , ,2020-11-16
4870051294,11/9/2020 12:31:55 PM, , ,2020-11-09
5669212298,11/9/2020 12:31:54 PM, , ,2020-11-09
6116469361,11/9/2020 12:31:52 PM, , ,2020-11-09
5869861385,11/9/2020 12:31:51 PM, , ,2020-11-09
6270090908,11/9/2020 12:31:49 PM, , ,2020-11-09
6168953817,11/9/2020 12:31:48 PM, , ,2020-11-09
3770071049,11/9/2020 12:31:47 PM, , ,2020-11-09
2769601569,11/9/2020 12:31:46 PM, , ,2020-11-09
6723813596,11/9/2020 12:31:45 PM, , ,2020-11-09
3919651425,11/9/2020 12:31:44 PM, , ,2020-11-09
2469241936,11/9/2020 12:31:43 PM, , ,2020-11-09
6820660316,11/9/2020 12:31:42 PM, , ,2020-11-09
4223843208,11/9/2020 12:31:40 PM, , ,2020-11-09
5924201763,11/9/2020 12:31:39 PM, , ,2020-11-09
6319222171,11/9/2020 12:31:38 PM, , ,2020-11-09
6470900136,11/9/2020 12:31:37 PM, , ,2020-11-09
6469222061,11/9/2020 12:31:36 PM, , ,2020-11-09
2266069819,11/9/2020 12:31:35 PM, , ,2020-11-09
4870051115,11/9/2020 12:31:34 PM, , ,2020-11-09
3769621537,11/9/2020 12:31:33 PM, , ,2020-11-09
1420770245,11/9/2020 12:31:32 PM, , ,2020-11-09
4269621463,11/9/2020 12:31:31 PM, , ,2020-11-09
3866509606,11/9/2020 12:31:30 PM, , ,2020-11-09
2369232197,11/9/2020 12:31:28 PM, , ,2020-11-09
4669591514,11/9/2020 12:31:27 PM, , ,2020-11-09
1916828616,11/9/2020 12:31:26 PM, , ,2020-11-09
2169162531,11/9/2020 12:25:37 PM, , ,2020-11-09
7719192449,11/9/2020 12:25:34 PM, , ,2020-11-09
9669861293,11/9/2020 12:25:33 PM, , ,2020-11-09
7369052658,11/9/2020 12:25:29 PM, , ,2020-11-09
8570150627,11/9/2020 12:25:28 PM, , ,2020-11-09
6970470498,11/9/2020 12:25:27 PM, , ,2020-11-09
9823634229,11/9/2020 12:25:24 PM, , ,2020-11-09
9824561451,11/9/2020 12:25:22 PM, , ,2020-11-09
7418883966,11/9/2020 12:25:21 PM, , ,2020-11-09
8268933706




PONumber,Date Submitted,ASN Done,ASN Date Submitted,Order Date

Date Submitted,ASN Done?,ASN Date Submitted,Order Date
11/9/2020 12:25:20 PM, , ,2020-11-09
8925370420,11/9/2020 12:25:18 PM, , ,2020-11-09
9868844259,11/2/2020 12:23:07 PM, , ,2020-11-02
9823634026,11/2/2020 12:23:06 PM, , ,2020-11-02
2169162334,11/2/2020 12:23:05 PM, , ,2020-11-02
5669212099,11/2/2020 12:23:04 PM, , ,2020-11-02
7719192230,11/2/2020 12:23:03 PM, , ,2020-11-02
4866389536,11/2/2020 12:23:02 PM, , ,2020-11-02
9824940498,11/2/2020 12:23:01 PM, , ,2020-11-02
9824561251,11/2/2020 12:23:00 PM, , ,2020-11-02
8925370236,11/2/2020 12:22:59 PM, , ,2020-11-02
9669861097,11/2/2020 12:22:58 PM, , ,2020-11-02
2469241767,11/2/2020 12:22:57 PM, , ,2020-11-02
8268933533,11/2/2020 12:22:56 PM, , ,2020-11-02
5924201563,11/2/2020 12:22:55 PM, , ,2020-11-02
6270090736,11/2/2020 12:22:54 PM, , ,2020-11-02
6168953615,11/2/2020 12:22:52 PM, , ,2020-11-02
6116469194,11/2/2020 12:22:46 PM, , ,2020-11-02
6970470314,11/2/2020 12:22:38 PM, , ,2020-11-02
8570150456,11/2/2020 12:22:29 PM, , ,2020-11-02
6723813367,11/2/2020 12:22:24 PM, , ,2020-11-02
3770070862,11/2/2020 12:22:23 PM, , ,2020-11-02
1420770066,11/2/2020 12:22:23 PM, , ,2020-11-02
6820660138,11/2/2020 12:22:22 PM, , ,2020-11-02
7321389179,11/2/2020 12:22:21 PM, , ,2020-11-02
4870050930,11/2/2020 12:22:20 PM, , ,2020-11-02
4669591331,11/2/2020 12:22:19 PM, , ,2020-11-02
3866509445,11/2/2020 12:22:18 PM, , ,2020-11-02
1916828459,10/26/2020 12:23:32 PM, , ,2020-10-26
7719192030,10/26/2020 12:23:31 PM, , ,2020-10-26
5669211898,10/26/2020 12:23:30 PM, , ,2020-10-26
9824940308,10/26/2020 12:23:29 PM, , ,2020-10-26
9669860895,10/26/2020 12:23:28 PM, , ,2020-10-26
6723813148,10/26/2020 12:23:26 PM, , ,2020-10-26
5869861015,10/26/2020 12:23:25 PM, , ,2020-10-26
6116469023,10/26/2020 12:23:24 PM, , ,2020-10-26
7870150244,10/26/2020 12:23:23 PM, , ,2020-10-26
5924201371,10/26/2020 12:23:22 PM, , ,2020-10-26
6168953395,10/26/2020 12:23:21 PM, , ,2020-10-26
7418883564,10/26/2020 12:23:18 PM, , ,2020-10-26
8570150275,10/26/2020 12:23:17 PM, , ,2020-10-26
9823633822,10/26/2020 12:23:16 PM, , ,2020-10-26
8925370058,10/26/2020 12:23:15 PM, , ,2020-10-26
9824561062,10/26/2020 12:23:14 PM, , ,2020-10-26
6970470124,10/26/2020 12:23:13 PM, , ,2020-10-26
6970090500,10/26/2020 12:23:12 PM, , ,2020-10-26
6270090572,10/26/2020 12:23:11 PM, , ,2020-10-26
6319221783,10/26/2020 12:23:10 PM, , ,2020-10-26
6469221716,10/26/2020 12:23:09 PM, , ,2020-10-26
9868843831,10/26/2020 12:23:08 PM, , ,2020-10-26
7321389019,10/26/2020 12:13:55 PM, , ,2020-10-26
2169162131,10/26/2020 12:13:49 PM, , ,2020-10-26
4223842814,10/26/2020 12:13:48 PM, , ,2020-10-26
2769601213,10/26/2020 12:13:46 PM, , ,2020-10-26
3919651042,10/26/2020 12:13:46 PM, , ,2020-10-26
4166239893,10/26/2020 12:13:45 PM, , ,2020-10-26
4669591139,10/26/2020 12:13:44 PM, , ,2020-10-26
1616309956,10/26/2020 12:13:43 PM, , ,2020-10-26
2369231832,10/26/2020 12:13:42 PM, , ,2020-10-26
3769621151,10/26/2020 12:13:41 PM, , ,2020-10-26
3866509266,10/26/2020 12:13:40 PM, , ,2020-10-26
2266069558,10/26/2020 12:13:39 PM, , ,2020-10-26
4870050745,10/26/2020 12:13:37 PM, , ,2020-10-26
1916828289,10/26/2020 12:13:36 PM, , ,2020-10-26
4269621092,10/19/2020 12:44:08 PM, , ,2020-10-19
5669211694,10/19/2020 12:44:07 PM, , ,2020-10-19
4866389234,10/19/2020 12:44:06 PM, , ,2020-10-19
4223842604,10/19/2020 12:44:05 PM, , ,2020-10-19
6168953188,10/19/2020 12:44:04 PM, , ,2020-10-19
6116468851,10/19/2020 12:44:03 PM, , ,2020-10-19
5869860820,10/19/2020 12:44:02 PM, , ,2020-10-19
5924201179,10/19/2020 12:44:01 PM, , ,2020-10-19
3919650857,10/19/2020 12:44:00 PM, , ,2020-10-19
4166239714,10/19/2020 12:43:59 PM, , ,2020-10-19
4669590951,10/19/2020 12:43:58 PM, , ,2020-10-19
4870050548,10/19/2020 12:43:57 PM, , ,2020-10-19
3866509089,10/19/2020 12:43:56 PM, , ,2020-10-19
4269620893,10/19/2020 12:43:10 PM, , ,2020-10-19
2469241449,10/19/2020 12:43:09 PM, , ,2020-10-19
3770070480,10/19/2020 12:43:08 PM, , ,2020-10-19
2966069876,10/19/2020 12:43:07 PM, , ,2020-10-19
2769601011,10/19/2020 12:43:05 PM, , ,2020-10-19
1616309774,10/19/2020 12:43:04 PM, , ,2020-10-19
2716239950,10/19/2020 12:43:02 PM, , ,2020-10-19
2366359600,10/19/2020 12:43:01 PM, , ,2020-10-19
2369231644,10/19/2020 12:42:59 PM, , ,2020-10-19
3769620961,10/19/2020 12:42:58 PM, , ,2020-10-19
2169161927,10/19/2020 12:42:56 PM, , ,2020-10-19
1916828136,10/19/2020 12:42:55 PM, , ,2020-10-19
2266069426,10/19/2020 12:35:42 PM, , ,2020-10-19
7369052149,10/19/2020 12:35:39 PM, , ,2020-10-19
9823633609,10/19/2020 12:35:32 PM, , ,2020-10-19
7719191824,10/19/2020 12:35:31 PM, , ,2020-10-19
9824940144,10/19/2020 12:35:30 PM, , ,2020-10-19
9669860699,10/19/2020 12:35:28 PM, , ,2020-10-19
7418883363,10/19/2020 12:35:27 PM, , ,2020-10-19
6723812923,10/19/2020 12:35:25 PM, , ,2020-10-19
8268933174,10/19/2020 12:35:24 PM, , ,2020-10-19
8570150090,10/19/2020 12:35:22 PM, , ,2020-10-19
6270090381,10/19/2020 12:35:21 PM, , ,2020-10-19
9824560863




PONumber,Date Submitted,ASN Done,ASN Date Submitted,Order Date

Date Submitted,ASN Done?,ASN Date Submitted,Order Date
10/19/2020 12:35:17 PM, , ,2020-10-19
7870150092,10/19/2020 12:35:15 PM, , ,2020-10-19
6970090351,10/19/2020 12:35:14 PM, , ,2020-10-19
6319221599,10/19/2020 12:35:13 PM, , ,2020-10-19
6469221554,10/19/2020 12:35:12 PM, , ,2020-10-19
7321388852,10/19/2020 12:35:10 PM, , ,2020-10-19
9868843610,10/12/2020 12:21:39 PM, , ,2020-10-12
2769600807,10/12/2020 12:17:29 PM, , ,2020-10-12
7719191623,10/12/2020 12:17:27 PM, , ,2020-10-12
7418883178,10/12/2020 12:17:26 PM, , ,2020-10-12
9669860511,10/12/2020 12:17:24 PM, , ,2020-10-12
7369051995,10/12/2020 12:17:22 PM, , ,2020-10-12
9823633411,10/12/2020 12:17:21 PM, , ,2020-10-12
9824560672,10/12/2020 12:17:19 PM, , ,2020-10-12
6723812698,10/12/2020 12:17:18 PM, , ,2020-10-12
6970090178,10/12/2020 12:17:16 PM, , ,2020-10-12
8268932987,10/12/2020 12:17:15 PM, , ,2020-10-12
9868843398,10/12/2020 12:17:12 PM, , ,2020-10-12
7321388696,10/12/2020 12:16:38 PM, , ,2020-10-12
3016069963,10/12/2020 12:16:37 PM, , ,2020-10-12
5669211495,10/12/2020 12:16:36 PM, , ,2020-10-12
4866389094,10/12/2020 12:16:35 PM, , ,2020-10-12
4223842399,10/12/2020 12:16:32 PM, , ,2020-10-12
5869860629,10/12/2020 12:10:28 PM, , ,2020-10-12
2469241285,10/12/2020 12:10:25 PM, , ,2020-10-12
6116468682,10/12/2020 12:10:22 PM, , ,2020-10-12
5924200989,10/12/2020 12:10:19 PM, , ,2020-10-12
4166239561,10/12/2020 12:10:16 PM, , ,2020-10-12
2369231447,10/12/2020 12:10:13 PM, , ,2020-10-12
5316199931,10/12/2020 12:10:10 PM, , ,2020-10-12
2966069704,10/12/2020 12:10:08 PM, , ,2020-10-12
6168952980,10/12/2020 12:10:05 PM, , ,2020-10-12
3770070286,10/12/2020 12:10:02 PM, , ,2020-10-12
2716239774,10/12/2020 12:09:59 PM, , ,2020-10-12
6469221371,10/12/2020 12:09:57 PM, , ,2020-10-12
2616069912,10/12/2020 12:09:54 PM, , ,2020-10-12
6270090205,10/12/2020 12:09:51 PM, , ,2020-10-12
3919650679,10/12/2020 12:09:49 PM, , ,2020-10-12
1616309597,10/12/2020 12:09:46 PM, , ,2020-10-12
4669590763,10/12/2020 12:09:43 PM, , ,2020-10-12
2366359410,10/12/2020 12:09:40 PM, , ,2020-10-12
2169161725,10/12/2020 12:09:37 PM, , ,2020-10-12
2266069300,10/12/2020 12:09:35 PM, , ,2020-10-12
4870050368,10/12/2020 12:09:32 PM, , ,2020-10-12
3769620759,10/12/2020 12:09:29 PM, , ,2020-10-12
6319221414,10/12/2020 12:09:26 PM, , ,2020-10-12
4269620692,10/12/2020 12:09:23 PM, , ,2020-10-12
3866508910,10/12/2020 12:09:19 PM, , ,2020-10-12
1916827974,10/5/2020 1:15:03 PM, , ,2020-10-05
2366359252,10/5/2020 1:14:58 PM, , ,2020-10-05
1616309427,10/5/2020 1:14:53 PM, , ,2020-10-05
2169161531,10/5/2020 1:14:48 PM, , ,2020-10-05
2369231250,10/5/2020 1:14:43 PM, , ,2020-10-05
1916827816,10/5/2020 1:09:54 PM, , ,2020-10-05
9823633215,10/5/2020 1:09:52 PM, , ,2020-10-05
7719191423,10/5/2020 1:09:51 PM, , ,2020-10-05
5669211302,10/5/2020 1:09:50 PM, , ,2020-10-05
6116468518,10/5/2020 1:09:49 PM, , ,2020-10-05
4866388949,10/5/2020 1:09:48 PM, , ,2020-10-05
9669860331,10/5/2020 1:09:47 PM, , ,2020-10-05
5869860433,10/5/2020 1:09:44 PM, , ,2020-10-05
7369051834,10/5/2020 1:09:43 PM, , ,2020-10-05
3016069784,10/5/2020 1:09:42 PM, , ,2020-10-05
4223842176,10/5/2020 1:09:41 PM, , ,2020-10-05
6168952769,10/5/2020 1:09:40 PM, , ,2020-10-05
2616069732,10/5/2020 1:09:39 PM, , ,2020-10-05
3770070114,10/5/2020 1:09:38 PM, , ,2020-10-05
6723812479,10/5/2020 1:09:37 PM, , ,2020-10-05
2966069533,10/5/2020 1:09:36 PM, , ,2020-10-05
7418882974,10/5/2020 1:09:35 PM, , ,2020-10-05
2716239602,10/5/2020 1:09:35 PM, , ,2020-10-05
3919650484,10/5/2020 1:09:34 PM, , ,2020-10-05
8268932786,10/5/2020 1:09:33 PM, , ,2020-10-05
2769600620,10/5/2020 1:09:32 PM, , ,2020-10-05
9824560489,10/5/2020 1:09:31 PM, , ,2020-10-05
6270090028,10/5/2020 1:09:30 PM, , ,2020-10-05
6319221235,10/5/2020 1:09:29 PM, , ,2020-10-05
5924200801,10/5/2020 1:09:28 PM, , ,2020-10-05
4870050181,10/5/2020 1:09:27 PM, , ,2020-10-05
4669590586,10/5/2020 1:09:23 PM, , ,2020-10-05
3769620558,10/5/2020 1:09:20 PM, , ,2020-10-05
7321388534,10/5/2020 1:09:17 PM, , ,2020-10-05
4269620512,10/5/2020 1:09:14 PM, , ,2020-10-05
6469221194,10/5/2020 1:09:13 PM, , ,2020-10-05
9868843211,10/5/2020 1:09:11 PM, , ,2020-10-05
3866508733,9/28/2020 12:15:43 PM, , ,2020-09-28
9823633031,9/28/2020 12:15:42 PM, , ,2020-09-28
3016069615,9/28/2020 12:15:41 PM, , ,2020-09-28
5669211118,9/28/2020 12:15:40 PM, , ,2020-09-28
4223841974,9/28/2020 12:15:39 PM, , ,2020-09-28
7418882780,9/28/2020 12:15:38 PM, , ,2020-09-28
6116468366,9/28/2020 12:15:36 PM, , ,2020-09-28
6723812271,9/28/2020 12:15:35 PM, , ,2020-09-28
5924200618,9/28/2020 12:15:34 PM, , ,2020-09-28
9824560296,9/28/2020 12:15:33 PM, , ,2020-09-28
9669860152,9/28/2020 12:15:32 PM, , ,2020-09-28
2366359095,9/28/2020 12:15:31 PM, , ,2020-09-28
2616069574,9/28/2020 12:15:30 PM, , ,2020-09-28
2769600449,9/28/2020 12:15:28 PM, , ,2020-09-28
2966069374,9/28/2020 12:15:27 PM, , ,2020-09-28
6319221078




PONumber,Date Submitted,ASN Done,ASN Date Submitted,Order Date

Date Submitted,ASN Done?,ASN Date Submitted,Order Date
4/20/2020 11:45:27 AM, , ,2020-04-20
2366355292,4/20/2020 11:45:26 AM, , ,2020-04-20
5365986503,4/20/2020 11:45:25 AM, , ,2020-04-20
1066006780,4/20/2020 11:45:24 AM, , ,2020-04-20
2566066020,4/20/2020 11:45:23 AM, , ,2020-04-20
4166235493,4/20/2020 11:45:22 AM, , ,2020-04-20
5465946923,4/20/2020 11:45:21 AM, , ,2020-04-20
1616305433,4/20/2020 11:45:20 AM, , ,2020-04-20
4221036140,4/20/2020 11:45:19 AM, , ,2020-04-20
4220796446,4/20/2020 11:45:19 AM, , ,2020-04-20
8966146122,4/20/2020 11:45:18 AM, , ,2020-04-20
2766026087,4/20/2020 11:45:18 AM, , ,2020-04-20
7815807649,4/20/2020 11:45:17 AM, , ,2020-04-20
2266065663,4/20/2020 11:45:17 AM, , ,2020-04-20
6115897734,4/20/2020 11:45:16 AM, , ,2020-04-20
6116464783,4/20/2020 11:45:15 AM, , ,2020-04-20
2366066211,4/20/2020 11:45:15 AM, , ,2020-04-20
6965598392,4/20/2020 11:45:14 AM, , ,2020-04-20
2316235877,4/20/2020 11:45:14 AM, , ,2020-04-20
5966096130,4/20/2020 11:45:13 AM, , ,2020-04-20
3866504832,4/20/2020 11:45:12 AM, , ,2020-04-20
1916824246,4/20/2020 11:45:12 AM, , ,2020-04-20
9265788544,4/20/2020 11:45:11 AM, , ,2020-04-20
6466016390,4/20/2020 11:45:10 AM, , ,2020-04-20
8865926949,4/20/2020 11:45:09 AM, , ,2020-04-20
8565638173,4/20/2020 11:45:08 AM, , ,2020-04-20
9820776925,4/20/2020 11:45:07 AM, , ,2020-04-20
6816116260,4/20/2020 11:45:05 AM, , ,2020-04-20
7321384750,4/13/2020 11:39:47 AM, , ,2020-04-13
9566037334,4/13/2020 11:39:46 AM, , ,2020-04-13
9820776756,4/13/2020 11:39:41 AM, , ,2020-04-13
5315946816,4/13/2020 11:39:40 AM, , ,2020-04-13
2565926823,4/13/2020 11:39:39 AM, , ,2020-04-13
4866385068,4/13/2020 11:39:38 AM, , ,2020-04-13
2566065882,4/13/2020 11:39:37 AM, , ,2020-04-13
1066006626,4/13/2020 11:39:36 AM, , ,2020-04-13
6466016243,4/13/2020 11:39:35 AM, , ,2020-04-13
3016065663,4/13/2020 11:39:34 AM, , ,2020-04-13
6116464656,4/13/2020 11:39:33 AM, , ,2020-04-13
8966145936,4/13/2020 11:39:32 AM, , ,2020-04-13
5966095979,4/13/2020 11:39:31 AM, , ,2020-04-13
2616065615,4/13/2020 11:39:29 AM, , ,2020-04-13
2316235733,4/13/2020 11:39:28 AM, , ,2020-04-13
8565638019,4/13/2020 11:39:27 AM, , ,2020-04-13
5365986352,4/13/2020 11:39:26 AM, , ,2020-04-13
9265788408,4/13/2020 11:39:25 AM, , ,2020-04-13
2716235446,4/13/2020 11:39:24 AM, , ,2020-04-13
1715837884,4/13/2020 11:39:23 AM, , ,2020-04-13
2966065530,4/13/2020 11:39:22 AM, , ,2020-04-13
4166235354,4/13/2020 11:39:21 AM, , ,2020-04-13
2266065531,4/13/2020 11:39:20 AM, , ,2020-04-13
2316066096,4/13/2020 11:39:18 AM, , ,2020-04-13
6816116120,4/13/2020 11:39:17 AM, , ,2020-04-13
6220697017,4/13/2020 11:39:16 AM, , ,2020-04-13
5465946759,4/13/2020 11:39:15 AM, , ,2020-04-13
7321384609,4/13/2020 11:39:14 AM, , ,2020-04-13
8865926792,4/13/2020 11:39:13 AM, , ,2020-04-13
2766025935,4/13/2020 11:39:12 AM, , ,2020-04-13
4220796294,4/13/2020 11:39:11 AM, , ,2020-04-13
3866504690,4/13/2020 11:39:10 AM, , ,2020-04-13
5065708405,4/6/2020 11:35:48 AM, , ,2020-04-06
9566037174,4/6/2020 11:35:47 AM, , ,2020-04-06
1715837731,4/6/2020 11:35:45 AM, , ,2020-04-06
2565926676,4/6/2020 11:35:44 AM, , ,2020-04-06
5315946665,4/6/2020 11:35:43 AM, , ,2020-04-06
3016065535,4/6/2020 11:35:42 AM, , ,2020-04-06
7815807347,4/6/2020 11:35:41 AM, , ,2020-04-06
6965598086,4/6/2020 11:35:39 AM, , ,2020-04-06
6116464531,4/6/2020 11:35:38 AM, , ,2020-04-06
2966065389,4/6/2020 11:35:35 AM, , ,2020-04-06
4221035845,4/6/2020 11:35:34 AM, , ,2020-04-06
1066006470,4/6/2020 11:35:33 AM, , ,2020-04-06
6115897408,4/6/2020 11:35:31 AM, , ,2020-04-06
5365986221,4/6/2020 11:35:30 AM, , ,2020-04-06
9265788281,4/6/2020 11:35:28 AM, , ,2020-04-06
8565637876,4/6/2020 11:35:27 AM, , ,2020-04-06
6466016106,4/6/2020 11:35:26 AM, , ,2020-04-06
2716235310,4/6/2020 11:35:25 AM, , ,2020-04-06
4220796155,4/6/2020 11:35:24 AM, , ,2020-04-06
2366355015,4/6/2020 11:35:22 AM, , ,2020-04-06
2316235604,4/6/2020 11:35:21 AM, , ,2020-04-06
5465946610,4/6/2020 11:35:19 AM, , ,2020-04-06
6816115965,4/6/2020 11:35:18 AM, , ,2020-04-06
2266065409,4/6/2020 11:35:17 AM, , ,2020-04-06
2366065924,4/6/2020 11:35:16 AM, , ,2020-04-06
8865926655,4/6/2020 11:35:14 AM, , ,2020-04-06
5065708243,3/30/2020 11:34:17 AM, , ,2020-03-30
9265788143,3/23/2020 12:35:53 PM, , ,2020-03-23
1715837341,3/23/2020 12:35:49 PM, , ,2020-03-23
5315946318,3/23/2020 12:35:48 PM, , ,2020-03-23
2565926340,3/23/2020 12:35:47 PM, , ,2020-03-23
4866384638,3/23/2020 12:35:46 PM, , ,2020-03-23
3016065230,3/23/2020 12:35:44 PM, , ,2020-03-23
6116464243,3/23/2020 12:35:43 PM, , ,2020-03-23
5966095533,3/23/2020 12:35:42 PM, , ,2020-03-23
6115897035,3/23/2020 12:35:40 PM, , ,2020-03-23
2616065172,3/23/2020 12:35:39 PM, , ,2020-03-23
5365985893,3/23/2020 12:35:36 PM, , ,2020-03-23
2566065440,3/23/2020 12:35:35 PM, , ,2020-03-23
1066006137,3/23/2020 12:35:34 PM, , ,2020-03-23
4916165369




